Length,Pattern,Customers,Support,SequentialConfidence,DistinctProducts
3,85123A – CREAM HANGING HEART T-LIGHT HOLDER → 85123A – CREAM HANGING HEART T-LIGHT HOLDER → 85123A – CREAM HANGING HEART T-LIGHT HOLDER,224,0.10126582278481013,0.5503685503685504,1
3,85099B – JUMBO BAG RED RETROSPOT → 85099B – JUMBO BAG RED RETROSPOT → 85099B – JUMBO BAG RED RETROSPOT,185,0.08363471971066908,0.592948717948718,1
3,22423 – REGENCY CAKESTAND 3 TIER → 22423 – REGENCY CAKESTAND 3 TIER → 22423 – REGENCY CAKESTAND 3 TIER,163,0.07368896925858952,0.49393939393939396,1
3,20725 – LUNCH BAG RED RETROSPOT → 20725 – LUNCH BAG RED RETROSPOT → 20725 – LUNCH BAG RED RETROSPOT,159,0.07188065099457505,0.5760869565217391,1
3,85099B – JUMBO BAG RED RETROSPOT → 23203 – JUMBO BAG VINTAGE DOILY  → 85099B – JUMBO BAG RED RETROSPOT,157,0.07097649186256781,0.6652542372881356,2
3,84879 – ASSORTED COLOUR BIRD ORNAMENT → 84879 – ASSORTED COLOUR BIRD ORNAMENT → 84879 – ASSORTED COLOUR BIRD ORNAMENT,157,0.07097649186256781,0.5395189003436426,1
3,85099B – JUMBO BAG RED RETROSPOT → 85099B – JUMBO BAG RED RETROSPOT → 23203 – JUMBO BAG VINTAGE DOILY ,153,0.06916817359855335,0.49038461538461536,2
3,85099B – JUMBO BAG RED RETROSPOT → 23203 – JUMBO BAG VINTAGE DOILY  → 23203 – JUMBO BAG VINTAGE DOILY ,149,0.06735985533453888,0.6313559322033898,2
3,47566 – PARTY BUNTING → 47566 – PARTY BUNTING → 47566 – PARTY BUNTING,143,0.06464737793851717,0.5107142857142857,1
3,20725 – LUNCH BAG RED RETROSPOT → 20725 – LUNCH BAG RED RETROSPOT → 20727 – LUNCH BAG  BLACK SKULL.,139,0.0628390596745027,0.5036231884057971,2
3,85099B – JUMBO BAG RED RETROSPOT → 20725 – LUNCH BAG RED RETROSPOT → 85099B – JUMBO BAG RED RETROSPOT,134,0.06057866184448463,0.67,2
3,22383 – LUNCH BAG SUKI DESIGN  → 22383 – LUNCH BAG SUKI DESIGN  → 22383 – LUNCH BAG SUKI DESIGN ,131,0.05922242314647378,0.5796460176991151,1
3,20725 – LUNCH BAG RED RETROSPOT → 20727 – LUNCH BAG  BLACK SKULL. → 20725 – LUNCH BAG RED RETROSPOT,130,0.05877034358047016,0.6132075471698113,2
3,20727 – LUNCH BAG  BLACK SKULL. → 20725 – LUNCH BAG RED RETROSPOT → 20727 – LUNCH BAG  BLACK SKULL.,129,0.05831826401446655,0.6201923076923077,2
3,23203 – JUMBO BAG VINTAGE DOILY  → 23203 – JUMBO BAG VINTAGE DOILY  → 23203 – JUMBO BAG VINTAGE DOILY ,128,0.05786618444846293,0.5517241379310345,1
3,20727 – LUNCH BAG  BLACK SKULL. → 20727 – LUNCH BAG  BLACK SKULL. → 20727 – LUNCH BAG  BLACK SKULL.,127,0.057414104882459314,0.5545851528384279,1
3,20725 – LUNCH BAG RED RETROSPOT → 20725 – LUNCH BAG RED RETROSPOT → 23209 – LUNCH BAG VINTAGE DOILY ,127,0.057414104882459314,0.4601449275362319,2
3,20725 – LUNCH BAG RED RETROSPOT → 23209 – LUNCH BAG VINTAGE DOILY  → 20725 – LUNCH BAG RED RETROSPOT,125,0.05650994575045208,0.5868544600938967,2
3,85099B – JUMBO BAG RED RETROSPOT → 20725 – LUNCH BAG RED RETROSPOT → 20725 – LUNCH BAG RED RETROSPOT,124,0.05605786618444846,0.62,2
3,85099B – JUMBO BAG RED RETROSPOT → 85099B – JUMBO BAG RED RETROSPOT → 20725 – LUNCH BAG RED RETROSPOT,124,0.05605786618444846,0.3974358974358974,2
3,20725 – LUNCH BAG RED RETROSPOT → 20727 – LUNCH BAG  BLACK SKULL. → 20727 – LUNCH BAG  BLACK SKULL.,123,0.05560578661844485,0.5801886792452831,2
3,20725 – LUNCH BAG RED RETROSPOT → 23209 – LUNCH BAG VINTAGE DOILY  → 23209 – LUNCH BAG VINTAGE DOILY ,122,0.05515370705244123,0.5727699530516432,2
3,20727 – LUNCH BAG  BLACK SKULL. → 20727 – LUNCH BAG  BLACK SKULL. → 20725 – LUNCH BAG RED RETROSPOT,122,0.05515370705244123,0.5327510917030568,2
3,20725 – LUNCH BAG RED RETROSPOT → 22383 – LUNCH BAG SUKI DESIGN  → 20725 – LUNCH BAG RED RETROSPOT,121,0.054701627486437615,0.587378640776699,2
3,20727 – LUNCH BAG  BLACK SKULL. → 20725 – LUNCH BAG RED RETROSPOT → 20725 – LUNCH BAG RED RETROSPOT,121,0.054701627486437615,0.5817307692307693,2
3,20725 – LUNCH BAG RED RETROSPOT → 20725 – LUNCH BAG RED RETROSPOT → 85099B – JUMBO BAG RED RETROSPOT,121,0.054701627486437615,0.4384057971014493,2
3,85099B – JUMBO BAG RED RETROSPOT → 23209 – LUNCH BAG VINTAGE DOILY  → 23203 – JUMBO BAG VINTAGE DOILY ,119,0.05379746835443038,0.7168674698795181,3
3,20725 – LUNCH BAG RED RETROSPOT → 22384 – LUNCH BAG PINK POLKADOT → 20727 – LUNCH BAG  BLACK SKULL.,119,0.05379746835443038,0.6071428571428571,3
3,20725 – LUNCH BAG RED RETROSPOT → 22384 – LUNCH BAG PINK POLKADOT → 20725 – LUNCH BAG RED RETROSPOT,119,0.05379746835443038,0.6071428571428571,2
3,23209 – LUNCH BAG VINTAGE DOILY  → 23209 – LUNCH BAG VINTAGE DOILY  → 23209 – LUNCH BAG VINTAGE DOILY ,119,0.05379746835443038,0.5776699029126213,1
3,20725 – LUNCH BAG RED RETROSPOT → 22382 – LUNCH BAG SPACEBOY DESIGN  → 20725 – LUNCH BAG RED RETROSPOT,119,0.05379746835443038,0.5748792270531401,2
3,20728 – LUNCH BAG CARS BLUE → 20725 – LUNCH BAG RED RETROSPOT → 20725 – LUNCH BAG RED RETROSPOT,118,0.05334538878842676,0.5645933014354066,2
3,20725 – LUNCH BAG RED RETROSPOT → 85099B – JUMBO BAG RED RETROSPOT → 85099B – JUMBO BAG RED RETROSPOT,117,0.05289330922242315,0.6,2
3,20725 – LUNCH BAG RED RETROSPOT → 85099B – JUMBO BAG RED RETROSPOT → 20725 – LUNCH BAG RED RETROSPOT,117,0.05289330922242315,0.6,2
3,85099B – JUMBO BAG RED RETROSPOT → 20725 – LUNCH BAG RED RETROSPOT → 23203 – JUMBO BAG VINTAGE DOILY ,117,0.05289330922242315,0.585,3
3,20725 – LUNCH BAG RED RETROSPOT → 20728 – LUNCH BAG CARS BLUE → 20725 – LUNCH BAG RED RETROSPOT,116,0.05244122965641953,0.5979381443298969,2
3,22383 – LUNCH BAG SUKI DESIGN  → 22383 – LUNCH BAG SUKI DESIGN  → 20725 – LUNCH BAG RED RETROSPOT,116,0.05244122965641953,0.5132743362831859,2
3,20725 – LUNCH BAG RED RETROSPOT → 20725 – LUNCH BAG RED RETROSPOT → 22382 – LUNCH BAG SPACEBOY DESIGN ,116,0.05244122965641953,0.42028985507246375,2
3,20725 – LUNCH BAG RED RETROSPOT → 20725 – LUNCH BAG RED RETROSPOT → 22383 – LUNCH BAG SUKI DESIGN ,116,0.05244122965641953,0.42028985507246375,2
3,20728 – LUNCH BAG CARS BLUE → 22383 – LUNCH BAG SUKI DESIGN  → 22383 – LUNCH BAG SUKI DESIGN ,115,0.051989150090415916,0.6084656084656085,2
3,22382 – LUNCH BAG SPACEBOY DESIGN  → 20725 – LUNCH BAG RED RETROSPOT → 20725 – LUNCH BAG RED RETROSPOT,115,0.051989150090415916,0.5808080808080808,2
3,23203 – JUMBO BAG VINTAGE DOILY  → 23203 – JUMBO BAG VINTAGE DOILY  → 85099B – JUMBO BAG RED RETROSPOT,115,0.051989150090415916,0.4956896551724138,2
3,22383 – LUNCH BAG SUKI DESIGN  → 20725 – LUNCH BAG RED RETROSPOT → 20725 – LUNCH BAG RED RETROSPOT,114,0.051537070524412296,0.5876288659793815,2
3,22383 – LUNCH BAG SUKI DESIGN  → 20725 – LUNCH BAG RED RETROSPOT → 22383 – LUNCH BAG SUKI DESIGN ,114,0.051537070524412296,0.5876288659793815,2
3,20725 – LUNCH BAG RED RETROSPOT → 22383 – LUNCH BAG SUKI DESIGN  → 22383 – LUNCH BAG SUKI DESIGN ,114,0.051537070524412296,0.5533980582524272,2
3,20725 – LUNCH BAG RED RETROSPOT → 23209 – LUNCH BAG VINTAGE DOILY  → 23203 – JUMBO BAG VINTAGE DOILY ,114,0.051537070524412296,0.5352112676056338,3
3,22423 – REGENCY CAKESTAND 3 TIER → 22423 – REGENCY CAKESTAND 3 TIER → 23245 – SET OF 3 REGENCY CAKE TINS,114,0.051537070524412296,0.34545454545454546,2
3,85099B – JUMBO BAG RED RETROSPOT → 22384 – LUNCH BAG PINK POLKADOT → 85099B – JUMBO BAG RED RETROSPOT,113,0.05108499095840868,0.6932515337423313,2
3,85099B – JUMBO BAG RED RETROSPOT → 23209 – LUNCH BAG VINTAGE DOILY  → 85099B – JUMBO BAG RED RETROSPOT,113,0.05108499095840868,0.6807228915662651,2
3,23203 – JUMBO BAG VINTAGE DOILY  → 85099B – JUMBO BAG RED RETROSPOT → 23203 – JUMBO BAG VINTAGE DOILY ,113,0.05108499095840868,0.553921568627451,2
3,22383 – LUNCH BAG SUKI DESIGN  → 22383 – LUNCH BAG SUKI DESIGN  → 20727 – LUNCH BAG  BLACK SKULL.,113,0.05108499095840868,0.5,2
3,20727 – LUNCH BAG  BLACK SKULL. → 22384 – LUNCH BAG PINK POLKADOT → 20727 – LUNCH BAG  BLACK SKULL.,112,0.05063291139240506,0.6473988439306358,2
3,20727 – LUNCH BAG  BLACK SKULL. → 22383 – LUNCH BAG SUKI DESIGN  → 20727 – LUNCH BAG  BLACK SKULL.,112,0.05063291139240506,0.6120218579234973,2
3,20725 – LUNCH BAG RED RETROSPOT → 20725 – LUNCH BAG RED RETROSPOT → 22384 – LUNCH BAG PINK POLKADOT,112,0.05063291139240506,0.4057971014492754,2
3,20725 – LUNCH BAG RED RETROSPOT → 20728 – LUNCH BAG CARS BLUE → 20727 – LUNCH BAG  BLACK SKULL.,111,0.05018083182640145,0.5721649484536082,3
3,20725 – LUNCH BAG RED RETROSPOT → 22383 – LUNCH BAG SUKI DESIGN  → 20727 – LUNCH BAG  BLACK SKULL.,111,0.05018083182640145,0.5388349514563107,3
3,22469 – HEART OF WICKER SMALL → 85123A – CREAM HANGING HEART T-LIGHT HOLDER → 85123A – CREAM HANGING HEART T-LIGHT HOLDER,110,0.04972875226039783,0.6470588235294118,2
3,20728 – LUNCH BAG CARS BLUE → 23209 – LUNCH BAG VINTAGE DOILY  → 23209 – LUNCH BAG VINTAGE DOILY ,110,0.04972875226039783,0.6043956043956044,2
3,22382 – LUNCH BAG SPACEBOY DESIGN  → 20725 – LUNCH BAG RED RETROSPOT → 22382 – LUNCH BAG SPACEBOY DESIGN ,110,0.04972875226039783,0.5555555555555556,2
3,20728 – LUNCH BAG CARS BLUE → 20725 – LUNCH BAG RED RETROSPOT → 20727 – LUNCH BAG  BLACK SKULL.,110,0.04972875226039783,0.5263157894736842,3
3,20727 – LUNCH BAG  BLACK SKULL. → 23209 – LUNCH BAG VINTAGE DOILY  → 20727 – LUNCH BAG  BLACK SKULL.,109,0.049276672694394216,0.6449704142011834,2
3,20725 – LUNCH BAG RED RETROSPOT → 23209 – LUNCH BAG VINTAGE DOILY  → 20727 – LUNCH BAG  BLACK SKULL.,109,0.049276672694394216,0.5117370892018779,3
3,22720 – SET OF 3 CAKE TINS PANTRY DESIGN  → 22720 – SET OF 3 CAKE TINS PANTRY DESIGN  → 22720 – SET OF 3 CAKE TINS PANTRY DESIGN ,109,0.049276672694394216,0.48444444444444446,1
3,20727 – LUNCH BAG  BLACK SKULL. → 23209 – LUNCH BAG VINTAGE DOILY  → 23209 – LUNCH BAG VINTAGE DOILY ,108,0.048824593128390596,0.6390532544378699,2
3,20725 – LUNCH BAG RED RETROSPOT → 23203 – JUMBO BAG VINTAGE DOILY  → 23203 – JUMBO BAG VINTAGE DOILY ,108,0.048824593128390596,0.631578947368421,2
3,20727 – LUNCH BAG  BLACK SKULL. → 20728 – LUNCH BAG CARS BLUE → 20727 – LUNCH BAG  BLACK SKULL.,108,0.048824593128390596,0.6242774566473989,2
3,20728 – LUNCH BAG CARS BLUE → 22383 – LUNCH BAG SUKI DESIGN  → 20725 – LUNCH BAG RED RETROSPOT,108,0.048824593128390596,0.5714285714285714,3
3,22384 – LUNCH BAG PINK POLKADOT → 22384 – LUNCH BAG PINK POLKADOT → 20725 – LUNCH BAG RED RETROSPOT,108,0.048824593128390596,0.5510204081632653,2
3,20728 – LUNCH BAG CARS BLUE → 20728 – LUNCH BAG CARS BLUE → 20725 – LUNCH BAG RED RETROSPOT,108,0.048824593128390596,0.526829268292683,2
3,20728 – LUNCH BAG CARS BLUE → 20725 – LUNCH BAG RED RETROSPOT → 22383 – LUNCH BAG SUKI DESIGN ,108,0.048824593128390596,0.5167464114832536,3
3,20725 – LUNCH BAG RED RETROSPOT → 20725 – LUNCH BAG RED RETROSPOT → 23203 – JUMBO BAG VINTAGE DOILY ,108,0.048824593128390596,0.391304347826087,2
3,20727 – LUNCH BAG  BLACK SKULL. → 22384 – LUNCH BAG PINK POLKADOT → 20725 – LUNCH BAG RED RETROSPOT,107,0.04837251356238698,0.6184971098265896,3
3,20728 – LUNCH BAG CARS BLUE → 22384 – LUNCH BAG PINK POLKADOT → 22384 – LUNCH BAG PINK POLKADOT,107,0.04837251356238698,0.5846994535519126,2
3,22383 – LUNCH BAG SUKI DESIGN  → 20725 – LUNCH BAG RED RETROSPOT → 20727 – LUNCH BAG  BLACK SKULL.,107,0.04837251356238698,0.5515463917525774,3
3,20725 – LUNCH BAG RED RETROSPOT → 85099B – JUMBO BAG RED RETROSPOT → 23203 – JUMBO BAG VINTAGE DOILY ,107,0.04837251356238698,0.5487179487179488,3
3,22384 – LUNCH BAG PINK POLKADOT → 20725 – LUNCH BAG RED RETROSPOT → 20727 – LUNCH BAG  BLACK SKULL.,107,0.04837251356238698,0.5323383084577115,3
3,22384 – LUNCH BAG PINK POLKADOT → 20725 – LUNCH BAG RED RETROSPOT → 20725 – LUNCH BAG RED RETROSPOT,107,0.04837251356238698,0.5323383084577115,2
3,23203 – JUMBO BAG VINTAGE DOILY  → 85099B – JUMBO BAG RED RETROSPOT → 85099B – JUMBO BAG RED RETROSPOT,107,0.04837251356238698,0.5245098039215687,2
3,20725 – LUNCH BAG RED RETROSPOT → 22382 – LUNCH BAG SPACEBOY DESIGN  → 20727 – LUNCH BAG  BLACK SKULL.,107,0.04837251356238698,0.5169082125603864,3
3,20728 – LUNCH BAG CARS BLUE → 20727 – LUNCH BAG  BLACK SKULL. → 20727 – LUNCH BAG  BLACK SKULL.,106,0.04792043399638336,0.5638297872340425,2
3,22383 – LUNCH BAG SUKI DESIGN  → 20727 – LUNCH BAG  BLACK SKULL. → 20727 – LUNCH BAG  BLACK SKULL.,106,0.04792043399638336,0.5608465608465608,2
3,20728 – LUNCH BAG CARS BLUE → 22383 – LUNCH BAG SUKI DESIGN  → 20727 – LUNCH BAG  BLACK SKULL.,106,0.04792043399638336,0.5608465608465608,3
3,20728 – LUNCH BAG CARS BLUE → 20728 – LUNCH BAG CARS BLUE → 20727 – LUNCH BAG  BLACK SKULL.,106,0.04792043399638336,0.5170731707317073,2
3,22383 – LUNCH BAG SUKI DESIGN  → 22383 – LUNCH BAG SUKI DESIGN  → 22384 – LUNCH BAG PINK POLKADOT,106,0.04792043399638336,0.4690265486725664,2
3,22383 – LUNCH BAG SUKI DESIGN  → 22383 – LUNCH BAG SUKI DESIGN  → 22382 – LUNCH BAG SPACEBOY DESIGN ,106,0.04792043399638336,0.4690265486725664,2
3,20725 – LUNCH BAG RED RETROSPOT → 20725 – LUNCH BAG RED RETROSPOT → 20728 – LUNCH BAG CARS BLUE,106,0.04792043399638336,0.38405797101449274,2
3,22383 – LUNCH BAG SUKI DESIGN  → 23209 – LUNCH BAG VINTAGE DOILY  → 23209 – LUNCH BAG VINTAGE DOILY ,105,0.04746835443037975,0.6402439024390244,2
3,20728 – LUNCH BAG CARS BLUE → 22383 – LUNCH BAG SUKI DESIGN  → 22384 – LUNCH BAG PINK POLKADOT,105,0.04746835443037975,0.5555555555555556,3
3,20725 – LUNCH BAG RED RETROSPOT → 22384 – LUNCH BAG PINK POLKADOT → 22384 – LUNCH BAG PINK POLKADOT,105,0.04746835443037975,0.5357142857142857,2
3,22384 – LUNCH BAG PINK POLKADOT → 22384 – LUNCH BAG PINK POLKADOT → 20727 – LUNCH BAG  BLACK SKULL.,105,0.04746835443037975,0.5357142857142857,2
3,22384 – LUNCH BAG PINK POLKADOT → 22384 – LUNCH BAG PINK POLKADOT → 22384 – LUNCH BAG PINK POLKADOT,105,0.04746835443037975,0.5357142857142857,1
3,20725 – LUNCH BAG RED RETROSPOT → 22382 – LUNCH BAG SPACEBOY DESIGN  → 23209 – LUNCH BAG VINTAGE DOILY ,105,0.04746835443037975,0.5072463768115942,3
3,85099B – JUMBO BAG RED RETROSPOT → 85099B – JUMBO BAG RED RETROSPOT → 20727 – LUNCH BAG  BLACK SKULL.,105,0.04746835443037975,0.33653846153846156,2
3,22383 – LUNCH BAG SUKI DESIGN  → 22384 – LUNCH BAG PINK POLKADOT → 22383 – LUNCH BAG SUKI DESIGN ,104,0.04701627486437613,0.6227544910179641,2
3,20725 – LUNCH BAG RED RETROSPOT → 23203 – JUMBO BAG VINTAGE DOILY  → 20725 – LUNCH BAG RED RETROSPOT,104,0.04701627486437613,0.6081871345029239,2
3,20727 – LUNCH BAG  BLACK SKULL. → 20728 – LUNCH BAG CARS BLUE → 20725 – LUNCH BAG RED RETROSPOT,104,0.04701627486437613,0.6011560693641619,3
3,20728 – LUNCH BAG CARS BLUE → 22384 – LUNCH BAG PINK POLKADOT → 20727 – LUNCH BAG  BLACK SKULL.,104,0.04701627486437613,0.5683060109289617,3
3,20728 – LUNCH BAG CARS BLUE → 20727 – LUNCH BAG  BLACK SKULL. → 20725 – LUNCH BAG RED RETROSPOT,104,0.04701627486437613,0.5531914893617021,3
3,85099B – JUMBO BAG RED RETROSPOT → 20725 – LUNCH BAG RED RETROSPOT → 23209 – LUNCH BAG VINTAGE DOILY ,104,0.04701627486437613,0.52,3
3,20725 – LUNCH BAG RED RETROSPOT → 22382 – LUNCH BAG SPACEBOY DESIGN  → 22383 – LUNCH BAG SUKI DESIGN ,104,0.04701627486437613,0.5024154589371981,3
3,22383 – LUNCH BAG SUKI DESIGN  → 22383 – LUNCH BAG SUKI DESIGN  → 20728 – LUNCH BAG CARS BLUE,104,0.04701627486437613,0.46017699115044247,2
3,85099B – JUMBO BAG RED RETROSPOT → 85099B – JUMBO BAG RED RETROSPOT → 23209 – LUNCH BAG VINTAGE DOILY ,104,0.04701627486437613,0.3333333333333333,2
3,85123A – CREAM HANGING HEART T-LIGHT HOLDER → 47566 – PARTY BUNTING → 85123A – CREAM HANGING HEART T-LIGHT HOLDER,103,0.04656419529837252,0.6167664670658682,2
3,20725 – LUNCH BAG RED RETROSPOT → 23203 – JUMBO BAG VINTAGE DOILY  → 85099B – JUMBO BAG RED RETROSPOT,103,0.04656419529837252,0.6023391812865497,3
3,22383 – LUNCH BAG SUKI DESIGN  → 20728 – LUNCH BAG CARS BLUE → 22383 – LUNCH BAG SUKI DESIGN ,103,0.04656419529837252,0.5852272727272727,2
3,20728 – LUNCH BAG CARS BLUE → 23209 – LUNCH BAG VINTAGE DOILY  → 20725 – LUNCH BAG RED RETROSPOT,103,0.04656419529837252,0.5659340659340659,3
3,23209 – LUNCH BAG VINTAGE DOILY  → 23203 – JUMBO BAG VINTAGE DOILY  → 23203 – JUMBO BAG VINTAGE DOILY ,103,0.04656419529837252,0.5628415300546448,2
3,22383 – LUNCH BAG SUKI DESIGN  → 20727 – LUNCH BAG  BLACK SKULL. → 20725 – LUNCH BAG RED RETROSPOT,103,0.04656419529837252,0.544973544973545,3
3,85099B – JUMBO BAG RED RETROSPOT → 20725 – LUNCH BAG RED RETROSPOT → 20727 – LUNCH BAG  BLACK SKULL.,103,0.04656419529837252,0.515,3
3,20725 – LUNCH BAG RED RETROSPOT → 22383 – LUNCH BAG SUKI DESIGN  → 23209 – LUNCH BAG VINTAGE DOILY ,103,0.04656419529837252,0.5,3
3,20728 – LUNCH BAG CARS BLUE → 20725 – LUNCH BAG RED RETROSPOT → 20728 – LUNCH BAG CARS BLUE,103,0.04656419529837252,0.49282296650717705,2
3,20728 – LUNCH BAG CARS BLUE → 20725 – LUNCH BAG RED RETROSPOT → 22384 – LUNCH BAG PINK POLKADOT,103,0.04656419529837252,0.49282296650717705,3
3,85099B – JUMBO BAG RED RETROSPOT → 20728 – LUNCH BAG CARS BLUE → 85099B – JUMBO BAG RED RETROSPOT,102,0.0461121157323689,0.7083333333333334,2
3,22383 – LUNCH BAG SUKI DESIGN  → 22384 – LUNCH BAG PINK POLKADOT → 20725 – LUNCH BAG RED RETROSPOT,102,0.0461121157323689,0.6107784431137725,3
3,22383 – LUNCH BAG SUKI DESIGN  → 20728 – LUNCH BAG CARS BLUE → 20725 – LUNCH BAG RED RETROSPOT,102,0.0461121157323689,0.5795454545454546,3
3,22384 – LUNCH BAG PINK POLKADOT → 20727 – LUNCH BAG  BLACK SKULL. → 20727 – LUNCH BAG  BLACK SKULL.,102,0.0461121157323689,0.5730337078651685,2
3,22384 – LUNCH BAG PINK POLKADOT → 20727 – LUNCH BAG  BLACK SKULL. → 20725 – LUNCH BAG RED RETROSPOT,102,0.0461121157323689,0.5730337078651685,3
3,20728 – LUNCH BAG CARS BLUE → 22384 – LUNCH BAG PINK POLKADOT → 20725 – LUNCH BAG RED RETROSPOT,102,0.0461121157323689,0.5573770491803278,3
3,20727 – LUNCH BAG  BLACK SKULL. → 20727 – LUNCH BAG  BLACK SKULL. → 22384 – LUNCH BAG PINK POLKADOT,102,0.0461121157323689,0.44541484716157204,2
3,20727 – LUNCH BAG  BLACK SKULL. → 20727 – LUNCH BAG  BLACK SKULL. → 22383 – LUNCH BAG SUKI DESIGN ,102,0.0461121157323689,0.44541484716157204,2
3,20727 – LUNCH BAG  BLACK SKULL. → 20727 – LUNCH BAG  BLACK SKULL. → 23209 – LUNCH BAG VINTAGE DOILY ,102,0.0461121157323689,0.44541484716157204,2
3,85099B – JUMBO BAG RED RETROSPOT → 23203 – JUMBO BAG VINTAGE DOILY  → 20725 – LUNCH BAG RED RETROSPOT,102,0.0461121157323689,0.4322033898305085,3
3,47566 – PARTY BUNTING → 47566 – PARTY BUNTING → 23298 – SPOTTY BUNTING,102,0.0461121157323689,0.36428571428571427,2
3,22383 – LUNCH BAG SUKI DESIGN  → 23209 – LUNCH BAG VINTAGE DOILY  → 22383 – LUNCH BAG SUKI DESIGN ,101,0.045660036166365284,0.6158536585365854,2
3,22384 – LUNCH BAG PINK POLKADOT → 85099B – JUMBO BAG RED RETROSPOT → 85099B – JUMBO BAG RED RETROSPOT,101,0.045660036166365284,0.6047904191616766,2
3,22382 – LUNCH BAG SPACEBOY DESIGN  → 23209 – LUNCH BAG VINTAGE DOILY  → 23209 – LUNCH BAG VINTAGE DOILY ,101,0.045660036166365284,0.5906432748538012,2
3,20727 – LUNCH BAG  BLACK SKULL. → 22383 – LUNCH BAG SUKI DESIGN  → 22383 – LUNCH BAG SUKI DESIGN ,101,0.045660036166365284,0.5519125683060109,2
3,22383 – LUNCH BAG SUKI DESIGN  → 20727 – LUNCH BAG  BLACK SKULL. → 22383 – LUNCH BAG SUKI DESIGN ,101,0.045660036166365284,0.5343915343915344,2
3,22382 – LUNCH BAG SPACEBOY DESIGN  → 20725 – LUNCH BAG RED RETROSPOT → 20727 – LUNCH BAG  BLACK SKULL.,101,0.045660036166365284,0.51010101010101,3
3,22384 – LUNCH BAG PINK POLKADOT → 20725 – LUNCH BAG RED RETROSPOT → 22384 – LUNCH BAG PINK POLKADOT,101,0.045660036166365284,0.5024875621890548,2
3,20725 – LUNCH BAG RED RETROSPOT → 23209 – LUNCH BAG VINTAGE DOILY  → 22382 – LUNCH BAG SPACEBOY DESIGN ,101,0.045660036166365284,0.47417840375586856,3
3,22383 – LUNCH BAG SUKI DESIGN  → 22383 – LUNCH BAG SUKI DESIGN  → 23209 – LUNCH BAG VINTAGE DOILY ,101,0.045660036166365284,0.4469026548672566,2
3,20727 – LUNCH BAG  BLACK SKULL. → 20727 – LUNCH BAG  BLACK SKULL. → 20728 – LUNCH BAG CARS BLUE,101,0.045660036166365284,0.4410480349344978,2
3,85123A – CREAM HANGING HEART T-LIGHT HOLDER → 85123A – CREAM HANGING HEART T-LIGHT HOLDER → 82482 – WOODEN PICTURE FRAME WHITE FINISH,101,0.045660036166365284,0.24815724815724816,2
3,22470 – HEART OF WICKER LARGE → 85123A – CREAM HANGING HEART T-LIGHT HOLDER → 85123A – CREAM HANGING HEART T-LIGHT HOLDER,100,0.045207956600361664,0.6329113924050633,2
3,22383 – LUNCH BAG SUKI DESIGN  → 22384 – LUNCH BAG PINK POLKADOT → 20727 – LUNCH BAG  BLACK SKULL.,100,0.045207956600361664,0.5988023952095808,3
3,20727 – LUNCH BAG  BLACK SKULL. → 23209 – LUNCH BAG VINTAGE DOILY  → 20725 – LUNCH BAG RED RETROSPOT,100,0.045207956600361664,0.591715976331361,3
3,22384 – LUNCH BAG PINK POLKADOT → 23209 – LUNCH BAG VINTAGE DOILY  → 23209 – LUNCH BAG VINTAGE DOILY ,100,0.045207956600361664,0.5847953216374269,2
3,20727 – LUNCH BAG  BLACK SKULL. → 22383 – LUNCH BAG SUKI DESIGN  → 20725 – LUNCH BAG RED RETROSPOT,100,0.045207956600361664,0.546448087431694,3
3,20728 – LUNCH BAG CARS BLUE → 22383 – LUNCH BAG SUKI DESIGN  → 20728 – LUNCH BAG CARS BLUE,100,0.045207956600361664,0.5291005291005291,2
3,20725 – LUNCH BAG RED RETROSPOT → 20728 – LUNCH BAG CARS BLUE → 22383 – LUNCH BAG SUKI DESIGN ,100,0.045207956600361664,0.5154639175257731,3
3,20725 – LUNCH BAG RED RETROSPOT → 20728 – LUNCH BAG CARS BLUE → 20728 – LUNCH BAG CARS BLUE,100,0.045207956600361664,0.5154639175257731,2
3,20725 – LUNCH BAG RED RETROSPOT → 85099B – JUMBO BAG RED RETROSPOT → 20727 – LUNCH BAG  BLACK SKULL.,100,0.045207956600361664,0.5128205128205128,3
3,20728 – LUNCH BAG CARS BLUE → 20728 – LUNCH BAG CARS BLUE → 22383 – LUNCH BAG SUKI DESIGN ,100,0.045207956600361664,0.4878048780487805,2
3,20728 – LUNCH BAG CARS BLUE → 20728 – LUNCH BAG CARS BLUE → 20728 – LUNCH BAG CARS BLUE,100,0.045207956600361664,0.4878048780487805,1
3,20725 – LUNCH BAG RED RETROSPOT → 22383 – LUNCH BAG SUKI DESIGN  → 22384 – LUNCH BAG PINK POLKADOT,100,0.045207956600361664,0.4854368932038835,3
3,20725 – LUNCH BAG RED RETROSPOT → 22382 – LUNCH BAG SPACEBOY DESIGN  → 22382 – LUNCH BAG SPACEBOY DESIGN ,100,0.045207956600361664,0.4830917874396135,2
3,20727 – LUNCH BAG  BLACK SKULL. → 20725 – LUNCH BAG RED RETROSPOT → 22384 – LUNCH BAG PINK POLKADOT,100,0.045207956600361664,0.4807692307692308,3
3,20727 – LUNCH BAG  BLACK SKULL. → 20725 – LUNCH BAG RED RETROSPOT → 22383 – LUNCH BAG SUKI DESIGN ,100,0.045207956600361664,0.4807692307692308,3
3,20728 – LUNCH BAG CARS BLUE → 20725 – LUNCH BAG RED RETROSPOT → 23209 – LUNCH BAG VINTAGE DOILY ,100,0.045207956600361664,0.4784688995215311,3
3,85099B – JUMBO BAG RED RETROSPOT → 20727 – LUNCH BAG  BLACK SKULL. → 85099B – JUMBO BAG RED RETROSPOT,99,0.044755877034358044,0.6111111111111112,2
3,85099B – JUMBO BAG RED RETROSPOT → 23209 – LUNCH BAG VINTAGE DOILY  → 23209 – LUNCH BAG VINTAGE DOILY ,99,0.044755877034358044,0.5963855421686747,2
3,20728 – LUNCH BAG CARS BLUE → 22384 – LUNCH BAG PINK POLKADOT → 22383 – LUNCH BAG SUKI DESIGN ,99,0.044755877034358044,0.5409836065573771,3
3,22383 – LUNCH BAG SUKI DESIGN  → 20725 – LUNCH BAG RED RETROSPOT → 22384 – LUNCH BAG PINK POLKADOT,99,0.044755877034358044,0.5103092783505154,3
3,22382 – LUNCH BAG SPACEBOY DESIGN  → 22382 – LUNCH BAG SPACEBOY DESIGN  → 22382 – LUNCH BAG SPACEBOY DESIGN ,99,0.044755877034358044,0.5,1
3,22382 – LUNCH BAG SPACEBOY DESIGN  → 20725 – LUNCH BAG RED RETROSPOT → 23209 – LUNCH BAG VINTAGE DOILY ,99,0.044755877034358044,0.5,3
3,20728 – LUNCH BAG CARS BLUE → 20728 – LUNCH BAG CARS BLUE → 22384 – LUNCH BAG PINK POLKADOT,99,0.044755877034358044,0.48292682926829267,2
3,20725 – LUNCH BAG RED RETROSPOT → 22383 – LUNCH BAG SUKI DESIGN  → 22382 – LUNCH BAG SPACEBOY DESIGN ,99,0.044755877034358044,0.48058252427184467,3
3,23209 – LUNCH BAG VINTAGE DOILY  → 23209 – LUNCH BAG VINTAGE DOILY  → 20725 – LUNCH BAG RED RETROSPOT,99,0.044755877034358044,0.48058252427184467,2
3,20727 – LUNCH BAG  BLACK SKULL. → 20725 – LUNCH BAG RED RETROSPOT → 23209 – LUNCH BAG VINTAGE DOILY ,99,0.044755877034358044,0.47596153846153844,3
3,20725 – LUNCH BAG RED RETROSPOT → 20727 – LUNCH BAG  BLACK SKULL. → 22384 – LUNCH BAG PINK POLKADOT,99,0.044755877034358044,0.4669811320754717,3
3,20725 – LUNCH BAG RED RETROSPOT → 23209 – LUNCH BAG VINTAGE DOILY  → 85099B – JUMBO BAG RED RETROSPOT,99,0.044755877034358044,0.4647887323943662,3
3,23203 – JUMBO BAG VINTAGE DOILY  → 23203 – JUMBO BAG VINTAGE DOILY  → 23209 – LUNCH BAG VINTAGE DOILY ,99,0.044755877034358044,0.4267241379310345,2
3,85099B – JUMBO BAG RED RETROSPOT → 23203 – JUMBO BAG VINTAGE DOILY  → 23209 – LUNCH BAG VINTAGE DOILY ,99,0.044755877034358044,0.4194915254237288,3
3,22382 – LUNCH BAG SPACEBOY DESIGN  → 22384 – LUNCH BAG PINK POLKADOT → 22382 – LUNCH BAG SPACEBOY DESIGN ,98,0.04430379746835443,0.6163522012578616,2
3,22382 – LUNCH BAG SPACEBOY DESIGN  → 22384 – LUNCH BAG PINK POLKADOT → 20725 – LUNCH BAG RED RETROSPOT,98,0.04430379746835443,0.6163522012578616,3
3,22383 – LUNCH BAG SUKI DESIGN  → 23209 – LUNCH BAG VINTAGE DOILY  → 20725 – LUNCH BAG RED RETROSPOT,98,0.04430379746835443,0.5975609756097561,3
3,22382 – LUNCH BAG SPACEBOY DESIGN  → 23209 – LUNCH BAG VINTAGE DOILY  → 20725 – LUNCH BAG RED RETROSPOT,98,0.04430379746835443,0.5730994152046783,3
3,22383 – LUNCH BAG SUKI DESIGN  → 20728 – LUNCH BAG CARS BLUE → 20727 – LUNCH BAG  BLACK SKULL.,98,0.04430379746835443,0.5568181818181818,3
3,20728 – LUNCH BAG CARS BLUE → 22384 – LUNCH BAG PINK POLKADOT → 20728 – LUNCH BAG CARS BLUE,98,0.04430379746835443,0.5355191256830601,2
3,20725 – LUNCH BAG RED RETROSPOT → 22384 – LUNCH BAG PINK POLKADOT → 22382 – LUNCH BAG SPACEBOY DESIGN ,98,0.04430379746835443,0.5,3
3,20725 – LUNCH BAG RED RETROSPOT → 22383 – LUNCH BAG SUKI DESIGN  → 20728 – LUNCH BAG CARS BLUE,98,0.04430379746835443,0.47572815533980584,3
3,20727 – LUNCH BAG  BLACK SKULL. → 20725 – LUNCH BAG RED RETROSPOT → 20728 – LUNCH BAG CARS BLUE,98,0.04430379746835443,0.47115384615384615,3
3,20725 – LUNCH BAG RED RETROSPOT → 20727 – LUNCH BAG  BLACK SKULL. → 23209 – LUNCH BAG VINTAGE DOILY ,98,0.04430379746835443,0.46226415094339623,3
3,23203 – JUMBO BAG VINTAGE DOILY  → 23209 – LUNCH BAG VINTAGE DOILY  → 23203 – JUMBO BAG VINTAGE DOILY ,97,0.04385171790235081,0.60625,2
3,85099B – JUMBO BAG RED RETROSPOT → 22384 – LUNCH BAG PINK POLKADOT → 23203 – JUMBO BAG VINTAGE DOILY ,97,0.04385171790235081,0.5950920245398773,3
3,22383 – LUNCH BAG SUKI DESIGN  → 23209 – LUNCH BAG VINTAGE DOILY  → 20727 – LUNCH BAG  BLACK SKULL.,97,0.04385171790235081,0.5914634146341463,3
3,20728 – LUNCH BAG CARS BLUE → 85099B – JUMBO BAG RED RETROSPOT → 20725 – LUNCH BAG RED RETROSPOT,97,0.04385171790235081,0.5808383233532934,3
3,22384 – LUNCH BAG PINK POLKADOT → 23209 – LUNCH BAG VINTAGE DOILY  → 20725 – LUNCH BAG RED RETROSPOT,97,0.04385171790235081,0.5672514619883041,3
3,20727 – LUNCH BAG  BLACK SKULL. → 22384 – LUNCH BAG PINK POLKADOT → 22384 – LUNCH BAG PINK POLKADOT,97,0.04385171790235081,0.5606936416184971,2
3,22383 – LUNCH BAG SUKI DESIGN  → 22382 – LUNCH BAG SPACEBOY DESIGN  → 22383 – LUNCH BAG SUKI DESIGN ,97,0.04385171790235081,0.532967032967033,2
3,22382 – LUNCH BAG SPACEBOY DESIGN  → 22383 – LUNCH BAG SUKI DESIGN  → 22383 – LUNCH BAG SUKI DESIGN ,97,0.04385171790235081,0.532967032967033,2
3,22382 – LUNCH BAG SPACEBOY DESIGN  → 22383 – LUNCH BAG SUKI DESIGN  → 22382 – LUNCH BAG SPACEBOY DESIGN ,97,0.04385171790235081,0.532967032967033,2
3,20728 – LUNCH BAG CARS BLUE → 23209 – LUNCH BAG VINTAGE DOILY  → 20727 – LUNCH BAG  BLACK SKULL.,97,0.04385171790235081,0.532967032967033,3
3,22383 – LUNCH BAG SUKI DESIGN  → 20725 – LUNCH BAG RED RETROSPOT → 23209 – LUNCH BAG VINTAGE DOILY ,97,0.04385171790235081,0.5,3
3,20725 – LUNCH BAG RED RETROSPOT → 20728 – LUNCH BAG CARS BLUE → 23209 – LUNCH BAG VINTAGE DOILY ,97,0.04385171790235081,0.5,3
3,22382 – LUNCH BAG SPACEBOY DESIGN  → 20725 – LUNCH BAG RED RETROSPOT → 22383 – LUNCH BAG SUKI DESIGN ,97,0.04385171790235081,0.4898989898989899,3
3,23209 – LUNCH BAG VINTAGE DOILY  → 23209 – LUNCH BAG VINTAGE DOILY  → 23203 – JUMBO BAG VINTAGE DOILY ,97,0.04385171790235081,0.470873786407767,2
3,20728 – LUNCH BAG CARS BLUE → 20725 – LUNCH BAG RED RETROSPOT → 22382 – LUNCH BAG SPACEBOY DESIGN ,97,0.04385171790235081,0.46411483253588515,3
3,20725 – LUNCH BAG RED RETROSPOT → 20727 – LUNCH BAG  BLACK SKULL. → 20728 – LUNCH BAG CARS BLUE,97,0.04385171790235081,0.45754716981132076,3
3,85123A – CREAM HANGING HEART T-LIGHT HOLDER → 85123A – CREAM HANGING HEART T-LIGHT HOLDER → 85099B – JUMBO BAG RED RETROSPOT,97,0.04385171790235081,0.23832923832923833,2
3,85123A – CREAM HANGING HEART T-LIGHT HOLDER → 82482 – WOODEN PICTURE FRAME WHITE FINISH → 85123A – CREAM HANGING HEART T-LIGHT HOLDER,96,0.0433996383363472,0.6075949367088608,2
3,85123A – CREAM HANGING HEART T-LIGHT HOLDER → 22469 – HEART OF WICKER SMALL → 85123A – CREAM HANGING HEART T-LIGHT HOLDER,96,0.0433996383363472,0.588957055214724,2
3,22383 – LUNCH BAG SUKI DESIGN  → 22384 – LUNCH BAG PINK POLKADOT → 22384 – LUNCH BAG PINK POLKADOT,96,0.0433996383363472,0.5748502994011976,2
3,22382 – LUNCH BAG SPACEBOY DESIGN  → 23209 – LUNCH BAG VINTAGE DOILY  → 22382 – LUNCH BAG SPACEBOY DESIGN ,96,0.0433996383363472,0.5614035087719298,2
3,22382 – LUNCH BAG SPACEBOY DESIGN  → 23209 – LUNCH BAG VINTAGE DOILY  → 20727 – LUNCH BAG  BLACK SKULL.,96,0.0433996383363472,0.5614035087719298,3
3,22384 – LUNCH BAG PINK POLKADOT → 20728 – LUNCH BAG CARS BLUE → 20727 – LUNCH BAG  BLACK SKULL.,96,0.0433996383363472,0.5614035087719298,3
3,82482 – WOODEN PICTURE FRAME WHITE FINISH → 82482 – WOODEN PICTURE FRAME WHITE FINISH → 82482 – WOODEN PICTURE FRAME WHITE FINISH,96,0.0433996383363472,0.5363128491620112,1
3,20725 – LUNCH BAG RED RETROSPOT → 22384 – LUNCH BAG PINK POLKADOT → 22383 – LUNCH BAG SUKI DESIGN ,96,0.0433996383363472,0.4897959183673469,3
3,22382 – LUNCH BAG SPACEBOY DESIGN  → 22382 – LUNCH BAG SPACEBOY DESIGN  → 20725 – LUNCH BAG RED RETROSPOT,96,0.0433996383363472,0.48484848484848486,2
3,20725 – LUNCH BAG RED RETROSPOT → 22382 – LUNCH BAG SPACEBOY DESIGN  → 22384 – LUNCH BAG PINK POLKADOT,96,0.0433996383363472,0.463768115942029,3
3,85123A – CREAM HANGING HEART T-LIGHT HOLDER → 85123A – CREAM HANGING HEART T-LIGHT HOLDER → 22470 – HEART OF WICKER LARGE,96,0.0433996383363472,0.23587223587223588,2
3,22384 – LUNCH BAG PINK POLKADOT → 85099B – JUMBO BAG RED RETROSPOT → 23203 – JUMBO BAG VINTAGE DOILY ,95,0.04294755877034358,0.5688622754491018,3
3,85123A – CREAM HANGING HEART T-LIGHT HOLDER → 22470 – HEART OF WICKER LARGE → 85123A – CREAM HANGING HEART T-LIGHT HOLDER,95,0.04294755877034358,0.5654761904761905,2
3,20727 – LUNCH BAG  BLACK SKULL. → 22382 – LUNCH BAG SPACEBOY DESIGN  → 20727 – LUNCH BAG  BLACK SKULL.,95,0.04294755877034358,0.5621301775147929,2
3,20725 – LUNCH BAG RED RETROSPOT → 23203 – JUMBO BAG VINTAGE DOILY  → 23209 – LUNCH BAG VINTAGE DOILY ,95,0.04294755877034358,0.5555555555555556,3
3,22384 – LUNCH BAG PINK POLKADOT → 20728 – LUNCH BAG CARS BLUE → 22384 – LUNCH BAG PINK POLKADOT,95,0.04294755877034358,0.5555555555555556,2
3,22384 – LUNCH BAG PINK POLKADOT → 23209 – LUNCH BAG VINTAGE DOILY  → 20727 – LUNCH BAG  BLACK SKULL.,95,0.04294755877034358,0.5555555555555556,3
3,20728 – LUNCH BAG CARS BLUE → 23209 – LUNCH BAG VINTAGE DOILY  → 22383 – LUNCH BAG SUKI DESIGN ,95,0.04294755877034358,0.521978021978022,3
3,20728 – LUNCH BAG CARS BLUE → 23209 – LUNCH BAG VINTAGE DOILY  → 23203 – JUMBO BAG VINTAGE DOILY ,95,0.04294755877034358,0.521978021978022,3
3,20728 – LUNCH BAG CARS BLUE → 20727 – LUNCH BAG  BLACK SKULL. → 22383 – LUNCH BAG SUKI DESIGN ,95,0.04294755877034358,0.5053191489361702,3
3,20725 – LUNCH BAG RED RETROSPOT → 85099B – JUMBO BAG RED RETROSPOT → 23209 – LUNCH BAG VINTAGE DOILY ,95,0.04294755877034358,0.48717948717948717,3
3,47566 – PARTY BUNTING → 23298 – SPOTTY BUNTING → 23298 – SPOTTY BUNTING,95,0.04294755877034358,0.48223350253807107,2
3,20728 – LUNCH BAG CARS BLUE → 20725 – LUNCH BAG RED RETROSPOT → 85099B – JUMBO BAG RED RETROSPOT,95,0.04294755877034358,0.45454545454545453,3
3,20725 – LUNCH BAG RED RETROSPOT → 23209 – LUNCH BAG VINTAGE DOILY  → 22383 – LUNCH BAG SUKI DESIGN ,95,0.04294755877034358,0.4460093896713615,3
3,85099B – JUMBO BAG RED RETROSPOT → 23203 – JUMBO BAG VINTAGE DOILY  → 20727 – LUNCH BAG  BLACK SKULL.,95,0.04294755877034358,0.4025423728813559,3
3,85123A – CREAM HANGING HEART T-LIGHT HOLDER → 85123A – CREAM HANGING HEART T-LIGHT HOLDER → 22423 – REGENCY CAKESTAND 3 TIER,95,0.04294755877034358,0.2334152334152334,2
3,20728 – LUNCH BAG CARS BLUE → 23203 – JUMBO BAG VINTAGE DOILY  → 23203 – JUMBO BAG VINTAGE DOILY ,94,0.042495479204339964,0.6573426573426573,2
3,22382 – LUNCH BAG SPACEBOY DESIGN  → 22384 – LUNCH BAG PINK POLKADOT → 20727 – LUNCH BAG  BLACK SKULL.,94,0.042495479204339964,0.5911949685534591,3
3,23203 – JUMBO BAG VINTAGE DOILY  → 23209 – LUNCH BAG VINTAGE DOILY  → 23209 – LUNCH BAG VINTAGE DOILY ,94,0.042495479204339964,0.5875,2
3,85099B – JUMBO BAG RED RETROSPOT → 20727 – LUNCH BAG  BLACK SKULL. → 20725 – LUNCH BAG RED RETROSPOT,94,0.042495479204339964,0.5802469135802469,3
3,85123A – CREAM HANGING HEART T-LIGHT HOLDER → 84879 – ASSORTED COLOUR BIRD ORNAMENT → 84879 – ASSORTED COLOUR BIRD ORNAMENT,94,0.042495479204339964,0.5595238095238095,2
3,22384 – LUNCH BAG PINK POLKADOT → 20728 – LUNCH BAG CARS BLUE → 20725 – LUNCH BAG RED RETROSPOT,94,0.042495479204339964,0.5497076023391813,3
3,22382 – LUNCH BAG SPACEBOY DESIGN  → 20727 – LUNCH BAG  BLACK SKULL. → 20725 – LUNCH BAG RED RETROSPOT,94,0.042495479204339964,0.5433526011560693,3
3,20727 – LUNCH BAG  BLACK SKULL. → 20728 – LUNCH BAG CARS BLUE → 20728 – LUNCH BAG CARS BLUE,94,0.042495479204339964,0.5433526011560693,2
3,22382 – LUNCH BAG SPACEBOY DESIGN  → 22383 – LUNCH BAG SUKI DESIGN  → 20725 – LUNCH BAG RED RETROSPOT,94,0.042495479204339964,0.5164835164835165,3
3,22382 – LUNCH BAG SPACEBOY DESIGN  → 22383 – LUNCH BAG SUKI DESIGN  → 20727 – LUNCH BAG  BLACK SKULL.,94,0.042495479204339964,0.5164835164835165,3
3,23209 – LUNCH BAG VINTAGE DOILY  → 23203 – JUMBO BAG VINTAGE DOILY  → 23209 – LUNCH BAG VINTAGE DOILY ,94,0.042495479204339964,0.5136612021857924,2
3,20728 – LUNCH BAG CARS BLUE → 22384 – LUNCH BAG PINK POLKADOT → 22382 – LUNCH BAG SPACEBOY DESIGN ,94,0.042495479204339964,0.5136612021857924,3
3,20725 – LUNCH BAG RED RETROSPOT → 22384 – LUNCH BAG PINK POLKADOT → 20728 – LUNCH BAG CARS BLUE,94,0.042495479204339964,0.47959183673469385,3
3,20725 – LUNCH BAG RED RETROSPOT → 22384 – LUNCH BAG PINK POLKADOT → 23209 – LUNCH BAG VINTAGE DOILY ,94,0.042495479204339964,0.47959183673469385,3
3,22382 – LUNCH BAG SPACEBOY DESIGN  → 20725 – LUNCH BAG RED RETROSPOT → 22384 – LUNCH BAG PINK POLKADOT,94,0.042495479204339964,0.47474747474747475,3
3,22384 – LUNCH BAG PINK POLKADOT → 20725 – LUNCH BAG RED RETROSPOT → 23209 – LUNCH BAG VINTAGE DOILY ,94,0.042495479204339964,0.46766169154228854,3
3,20725 – LUNCH BAG RED RETROSPOT → 20727 – LUNCH BAG  BLACK SKULL. → 85099B – JUMBO BAG RED RETROSPOT,94,0.042495479204339964,0.44339622641509435,3
3,20725 – LUNCH BAG RED RETROSPOT → 20727 – LUNCH BAG  BLACK SKULL. → 22383 – LUNCH BAG SUKI DESIGN ,94,0.042495479204339964,0.44339622641509435,3
3,85099B – JUMBO BAG RED RETROSPOT → 20728 – LUNCH BAG CARS BLUE → 20725 – LUNCH BAG RED RETROSPOT,93,0.042043399638336344,0.6458333333333334,3
3,85099B – JUMBO BAG RED RETROSPOT → 20727 – LUNCH BAG  BLACK SKULL. → 23203 – JUMBO BAG VINTAGE DOILY ,93,0.042043399638336344,0.5740740740740741,3
3,85099B – JUMBO BAG RED RETROSPOT → 20727 – LUNCH BAG  BLACK SKULL. → 20727 – LUNCH BAG  BLACK SKULL.,93,0.042043399638336344,0.5740740740740741,2
3,85099B – JUMBO BAG RED RETROSPOT → 22384 – LUNCH BAG PINK POLKADOT → 20725 – LUNCH BAG RED RETROSPOT,93,0.042043399638336344,0.5705521472392638,3
3,23209 – LUNCH BAG VINTAGE DOILY  → 20725 – LUNCH BAG RED RETROSPOT → 23209 – LUNCH BAG VINTAGE DOILY ,93,0.042043399638336344,0.5568862275449101,2
3,20728 – LUNCH BAG CARS BLUE → 85099B – JUMBO BAG RED RETROSPOT → 85099B – JUMBO BAG RED RETROSPOT,93,0.042043399638336344,0.5568862275449101,2
3,85123A – CREAM HANGING HEART T-LIGHT HOLDER → 22423 – REGENCY CAKESTAND 3 TIER → 85123A – CREAM HANGING HEART T-LIGHT HOLDER,93,0.042043399638336344,0.5568862275449101,2
3,22384 – LUNCH BAG PINK POLKADOT → 20728 – LUNCH BAG CARS BLUE → 20728 – LUNCH BAG CARS BLUE,93,0.042043399638336344,0.543859649122807,2
3,22383 – LUNCH BAG SUKI DESIGN  → 20728 – LUNCH BAG CARS BLUE → 22384 – LUNCH BAG PINK POLKADOT,93,0.042043399638336344,0.5284090909090909,3
3,20728 – LUNCH BAG CARS BLUE → 22382 – LUNCH BAG SPACEBOY DESIGN  → 22383 – LUNCH BAG SUKI DESIGN ,93,0.042043399638336344,0.5284090909090909,3
3,20728 – LUNCH BAG CARS BLUE → 22382 – LUNCH BAG SPACEBOY DESIGN  → 20725 – LUNCH BAG RED RETROSPOT,93,0.042043399638336344,0.5284090909090909,3
3,20728 – LUNCH BAG CARS BLUE → 22384 – LUNCH BAG PINK POLKADOT → 23209 – LUNCH BAG VINTAGE DOILY ,93,0.042043399638336344,0.5081967213114754,3
3,20728 – LUNCH BAG CARS BLUE → 20727 – LUNCH BAG  BLACK SKULL. → 20728 – LUNCH BAG CARS BLUE,93,0.042043399638336344,0.4946808510638298,2
3,22384 – LUNCH BAG PINK POLKADOT → 22384 – LUNCH BAG PINK POLKADOT → 20728 – LUNCH BAG CARS BLUE,93,0.042043399638336344,0.4744897959183674,2
3,20728 – LUNCH BAG CARS BLUE → 20728 – LUNCH BAG CARS BLUE → 22382 – LUNCH BAG SPACEBOY DESIGN ,93,0.042043399638336344,0.45365853658536587,2
3,20728 – LUNCH BAG CARS BLUE → 20728 – LUNCH BAG CARS BLUE → 23209 – LUNCH BAG VINTAGE DOILY ,93,0.042043399638336344,0.45365853658536587,2
3,20727 – LUNCH BAG  BLACK SKULL. → 20725 – LUNCH BAG RED RETROSPOT → 22382 – LUNCH BAG SPACEBOY DESIGN ,93,0.042043399638336344,0.44711538461538464,3
3,20725 – LUNCH BAG RED RETROSPOT → 20727 – LUNCH BAG  BLACK SKULL. → 22382 – LUNCH BAG SPACEBOY DESIGN ,93,0.042043399638336344,0.4386792452830189,3
3,20727 – LUNCH BAG  BLACK SKULL. → 20727 – LUNCH BAG  BLACK SKULL. → 22382 – LUNCH BAG SPACEBOY DESIGN ,93,0.042043399638336344,0.40611353711790393,2
3,20728 – LUNCH BAG CARS BLUE → 23203 – JUMBO BAG VINTAGE DOILY  → 85099B – JUMBO BAG RED RETROSPOT,92,0.04159132007233273,0.6433566433566433,3
3,82482 – WOODEN PICTURE FRAME WHITE FINISH → 85123A – CREAM HANGING HEART T-LIGHT HOLDER → 85123A – CREAM HANGING HEART T-LIGHT HOLDER,92,0.04159132007233273,0.609271523178808,2
3,20727 – LUNCH BAG  BLACK SKULL. → 85099B – JUMBO BAG RED RETROSPOT → 20725 – LUNCH BAG RED RETROSPOT,92,0.04159132007233273,0.5822784810126582,3
3,85099B – JUMBO BAG RED RETROSPOT → 23209 – LUNCH BAG VINTAGE DOILY  → 20725 – LUNCH BAG RED RETROSPOT,92,0.04159132007233273,0.5542168674698795,3
3,85123A – CREAM HANGING HEART T-LIGHT HOLDER → 47566 – PARTY BUNTING → 47566 – PARTY BUNTING,92,0.04159132007233273,0.5508982035928144,2
3,22384 – LUNCH BAG PINK POLKADOT → 85099B – JUMBO BAG RED RETROSPOT → 20725 – LUNCH BAG RED RETROSPOT,92,0.04159132007233273,0.5508982035928144,3
3,22382 – LUNCH BAG SPACEBOY DESIGN  → 20727 – LUNCH BAG  BLACK SKULL. → 20727 – LUNCH BAG  BLACK SKULL.,92,0.04159132007233273,0.5317919075144508,2
3,20727 – LUNCH BAG  BLACK SKULL. → 22384 – LUNCH BAG PINK POLKADOT → 20728 – LUNCH BAG CARS BLUE,92,0.04159132007233273,0.5317919075144508,3
3,20725 – LUNCH BAG RED RETROSPOT → 20728 – LUNCH BAG CARS BLUE → 22382 – LUNCH BAG SPACEBOY DESIGN ,92,0.04159132007233273,0.4742268041237113,3
3,20725 – LUNCH BAG RED RETROSPOT → 20728 – LUNCH BAG CARS BLUE → 22384 – LUNCH BAG PINK POLKADOT,92,0.04159132007233273,0.4742268041237113,3
3,22384 – LUNCH BAG PINK POLKADOT → 20725 – LUNCH BAG RED RETROSPOT → 22383 – LUNCH BAG SUKI DESIGN ,92,0.04159132007233273,0.4577114427860697,3
3,22384 – LUNCH BAG PINK POLKADOT → 20725 – LUNCH BAG RED RETROSPOT → 85099B – JUMBO BAG RED RETROSPOT,92,0.04159132007233273,0.4577114427860697,3
3,20725 – LUNCH BAG RED RETROSPOT → 23209 – LUNCH BAG VINTAGE DOILY  → 22384 – LUNCH BAG PINK POLKADOT,92,0.04159132007233273,0.431924882629108,3
3,20725 – LUNCH BAG RED RETROSPOT → 23209 – LUNCH BAG VINTAGE DOILY  → 20728 – LUNCH BAG CARS BLUE,92,0.04159132007233273,0.431924882629108,3
3,85123A – CREAM HANGING HEART T-LIGHT HOLDER → 85123A – CREAM HANGING HEART T-LIGHT HOLDER → 47566 – PARTY BUNTING,92,0.04159132007233273,0.22604422604422605,2
3,85099B – JUMBO BAG RED RETROSPOT → 22383 – LUNCH BAG SUKI DESIGN  → 85099B – JUMBO BAG RED RETROSPOT,91,0.04113924050632911,0.6594202898550725,2
3,22384 – LUNCH BAG PINK POLKADOT → 23203 – JUMBO BAG VINTAGE DOILY  → 23203 – JUMBO BAG VINTAGE DOILY ,91,0.04113924050632911,0.6190476190476191,2
3,22382 – LUNCH BAG SPACEBOY DESIGN  → 20728 – LUNCH BAG CARS BLUE → 20725 – LUNCH BAG RED RETROSPOT,91,0.04113924050632911,0.5652173913043478,3
3,20727 – LUNCH BAG  BLACK SKULL. → 22382 – LUNCH BAG SPACEBOY DESIGN  → 20725 – LUNCH BAG RED RETROSPOT,91,0.04113924050632911,0.5384615384615384,3
3,20725 – LUNCH BAG RED RETROSPOT → 23203 – JUMBO BAG VINTAGE DOILY  → 20727 – LUNCH BAG  BLACK SKULL.,91,0.04113924050632911,0.5321637426900585,3
3,22382 – LUNCH BAG SPACEBOY DESIGN  → 20727 – LUNCH BAG  BLACK SKULL. → 22382 – LUNCH BAG SPACEBOY DESIGN ,91,0.04113924050632911,0.5260115606936416,2
3,22384 – LUNCH BAG PINK POLKADOT → 20727 – LUNCH BAG  BLACK SKULL. → 22384 – LUNCH BAG PINK POLKADOT,91,0.04113924050632911,0.5112359550561798,2
3,20728 – LUNCH BAG CARS BLUE → 23209 – LUNCH BAG VINTAGE DOILY  → 22384 – LUNCH BAG PINK POLKADOT,91,0.04113924050632911,0.5,3
3,20728 – LUNCH BAG CARS BLUE → 23209 – LUNCH BAG VINTAGE DOILY  → 20728 – LUNCH BAG CARS BLUE,91,0.04113924050632911,0.5,2
3,20727 – LUNCH BAG  BLACK SKULL. → 22383 – LUNCH BAG SUKI DESIGN  → 20728 – LUNCH BAG CARS BLUE,91,0.04113924050632911,0.4972677595628415,3
3,20727 – LUNCH BAG  BLACK SKULL. → 22383 – LUNCH BAG SUKI DESIGN  → 22384 – LUNCH BAG PINK POLKADOT,91,0.04113924050632911,0.4972677595628415,3
3,20728 – LUNCH BAG CARS BLUE → 20727 – LUNCH BAG  BLACK SKULL. → 22384 – LUNCH BAG PINK POLKADOT,91,0.04113924050632911,0.48404255319148937,3
3,20728 – LUNCH BAG CARS BLUE → 22383 – LUNCH BAG SUKI DESIGN  → 22382 – LUNCH BAG SPACEBOY DESIGN ,91,0.04113924050632911,0.48148148148148145,3
3,20728 – LUNCH BAG CARS BLUE → 22383 – LUNCH BAG SUKI DESIGN  → 23209 – LUNCH BAG VINTAGE DOILY ,91,0.04113924050632911,0.48148148148148145,3
3,22383 – LUNCH BAG SUKI DESIGN  → 20725 – LUNCH BAG RED RETROSPOT → 20728 – LUNCH BAG CARS BLUE,91,0.04113924050632911,0.4690721649484536,3
3,22382 – LUNCH BAG SPACEBOY DESIGN  → 20725 – LUNCH BAG RED RETROSPOT → 85099B – JUMBO BAG RED RETROSPOT,91,0.04113924050632911,0.4595959595959596,3
3,22382 – LUNCH BAG SPACEBOY DESIGN  → 20725 – LUNCH BAG RED RETROSPOT → 20728 – LUNCH BAG CARS BLUE,91,0.04113924050632911,0.4595959595959596,3
3,85099B – JUMBO BAG RED RETROSPOT → 20725 – LUNCH BAG RED RETROSPOT → 22382 – LUNCH BAG SPACEBOY DESIGN ,91,0.04113924050632911,0.455,3
3,22384 – LUNCH BAG PINK POLKADOT → 20725 – LUNCH BAG RED RETROSPOT → 20728 – LUNCH BAG CARS BLUE,91,0.04113924050632911,0.4527363184079602,3
3,85099B – JUMBO BAG RED RETROSPOT → 85099B – JUMBO BAG RED RETROSPOT → 22384 – LUNCH BAG PINK POLKADOT,91,0.04113924050632911,0.2916666666666667,2
3,85123A – CREAM HANGING HEART T-LIGHT HOLDER → 85123A – CREAM HANGING HEART T-LIGHT HOLDER → 23298 – SPOTTY BUNTING,91,0.04113924050632911,0.22358722358722358,2
3,22383 – LUNCH BAG SUKI DESIGN  → 85099B – JUMBO BAG RED RETROSPOT → 20725 – LUNCH BAG RED RETROSPOT,90,0.0406871609403255,0.6122448979591837,3
3,23209 – LUNCH BAG VINTAGE DOILY  → 85099B – JUMBO BAG RED RETROSPOT → 23203 – JUMBO BAG VINTAGE DOILY ,90,0.0406871609403255,0.6040268456375839,3
3,22457 – NATURAL SLATE HEART CHALKBOARD  → 85123A – CREAM HANGING HEART T-LIGHT HOLDER → 85123A – CREAM HANGING HEART T-LIGHT HOLDER,90,0.0406871609403255,0.5960264900662252,2
3,22382 – LUNCH BAG SPACEBOY DESIGN  → 22384 – LUNCH BAG PINK POLKADOT → 22384 – LUNCH BAG PINK POLKADOT,90,0.0406871609403255,0.5660377358490566,2
3,22382 – LUNCH BAG SPACEBOY DESIGN  → 22384 – LUNCH BAG PINK POLKADOT → 22383 – LUNCH BAG SUKI DESIGN ,90,0.0406871609403255,0.5660377358490566,3
3,85099B – JUMBO BAG RED RETROSPOT → 22384 – LUNCH BAG PINK POLKADOT → 22384 – LUNCH BAG PINK POLKADOT,90,0.0406871609403255,0.5521472392638037,2
3,85099B – JUMBO BAG RED RETROSPOT → 22384 – LUNCH BAG PINK POLKADOT → 20727 – LUNCH BAG  BLACK SKULL.,90,0.0406871609403255,0.5521472392638037,3
3,22423 – REGENCY CAKESTAND 3 TIER → 22699 – ROSES REGENCY TEACUP AND SAUCER  → 22423 – REGENCY CAKESTAND 3 TIER,90,0.0406871609403255,0.5454545454545454,2
3,22383 – LUNCH BAG SUKI DESIGN  → 22384 – LUNCH BAG PINK POLKADOT → 22382 – LUNCH BAG SPACEBOY DESIGN ,90,0.0406871609403255,0.5389221556886228,3
3,22383 – LUNCH BAG SUKI DESIGN  → 22384 – LUNCH BAG PINK POLKADOT → 20728 – LUNCH BAG CARS BLUE,90,0.0406871609403255,0.5389221556886228,3
3,22384 – LUNCH BAG PINK POLKADOT → 22383 – LUNCH BAG SUKI DESIGN  → 20727 – LUNCH BAG  BLACK SKULL.,90,0.0406871609403255,0.5357142857142857,3
3,22384 – LUNCH BAG PINK POLKADOT → 22383 – LUNCH BAG SUKI DESIGN  → 20725 – LUNCH BAG RED RETROSPOT,90,0.0406871609403255,0.5357142857142857,3
3,22993 – SET OF 4 PANTRY JELLY MOULDS → 22993 – SET OF 4 PANTRY JELLY MOULDS → 22993 – SET OF 4 PANTRY JELLY MOULDS,90,0.0406871609403255,0.5,1
3,22383 – LUNCH BAG SUKI DESIGN  → 22382 – LUNCH BAG SPACEBOY DESIGN  → 20725 – LUNCH BAG RED RETROSPOT,90,0.0406871609403255,0.4945054945054945,3
3,20728 – LUNCH BAG CARS BLUE → 23209 – LUNCH BAG VINTAGE DOILY  → 22382 – LUNCH BAG SPACEBOY DESIGN ,90,0.0406871609403255,0.4945054945054945,3
3,23209 – LUNCH BAG VINTAGE DOILY  → 23203 – JUMBO BAG VINTAGE DOILY  → 85099B – JUMBO BAG RED RETROSPOT,90,0.0406871609403255,0.4918032786885246,3
3,22383 – LUNCH BAG SUKI DESIGN  → 20727 – LUNCH BAG  BLACK SKULL. → 20728 – LUNCH BAG CARS BLUE,90,0.0406871609403255,0.47619047619047616,3
3,20725 – LUNCH BAG RED RETROSPOT → 22384 – LUNCH BAG PINK POLKADOT → 85099B – JUMBO BAG RED RETROSPOT,90,0.0406871609403255,0.45918367346938777,3
3,22384 – LUNCH BAG PINK POLKADOT → 22384 – LUNCH BAG PINK POLKADOT → 22383 – LUNCH BAG SUKI DESIGN ,90,0.0406871609403255,0.45918367346938777,2
3,22384 – LUNCH BAG PINK POLKADOT → 22384 – LUNCH BAG PINK POLKADOT → 85099B – JUMBO BAG RED RETROSPOT,90,0.0406871609403255,0.45918367346938777,2
3,20727 – LUNCH BAG  BLACK SKULL. → 20727 – LUNCH BAG  BLACK SKULL. → 85099B – JUMBO BAG RED RETROSPOT,90,0.0406871609403255,0.3930131004366812,2
3,22423 – REGENCY CAKESTAND 3 TIER → 22423 – REGENCY CAKESTAND 3 TIER → 22699 – ROSES REGENCY TEACUP AND SAUCER ,90,0.0406871609403255,0.2727272727272727,2
3,85099B – JUMBO BAG RED RETROSPOT → 20728 – LUNCH BAG CARS BLUE → 20728 – LUNCH BAG CARS BLUE,89,0.04023508137432188,0.6180555555555556,2
3,85099B – JUMBO BAG RED RETROSPOT → 22382 – LUNCH BAG SPACEBOY DESIGN  → 20725 – LUNCH BAG RED RETROSPOT,89,0.04023508137432188,0.6095890410958904,3
3,22384 – LUNCH BAG PINK POLKADOT → 23203 – JUMBO BAG VINTAGE DOILY  → 85099B – JUMBO BAG RED RETROSPOT,89,0.04023508137432188,0.6054421768707483,3
3,22382 – LUNCH BAG SPACEBOY DESIGN  → 20728 – LUNCH BAG CARS BLUE → 22382 – LUNCH BAG SPACEBOY DESIGN ,89,0.04023508137432188,0.5527950310559007,2
3,22382 – LUNCH BAG SPACEBOY DESIGN  → 20728 – LUNCH BAG CARS BLUE → 20727 – LUNCH BAG  BLACK SKULL.,89,0.04023508137432188,0.5527950310559007,3
3,22383 – LUNCH BAG SUKI DESIGN  → 23209 – LUNCH BAG VINTAGE DOILY  → 22382 – LUNCH BAG SPACEBOY DESIGN ,89,0.04023508137432188,0.5426829268292683,3
3,22384 – LUNCH BAG PINK POLKADOT → 22383 – LUNCH BAG SUKI DESIGN  → 22383 – LUNCH BAG SUKI DESIGN ,89,0.04023508137432188,0.5297619047619048,2
3,22384 – LUNCH BAG PINK POLKADOT → 20728 – LUNCH BAG CARS BLUE → 22383 – LUNCH BAG SUKI DESIGN ,89,0.04023508137432188,0.52046783625731,3
3,20727 – LUNCH BAG  BLACK SKULL. → 20728 – LUNCH BAG CARS BLUE → 22384 – LUNCH BAG PINK POLKADOT,89,0.04023508137432188,0.5144508670520231,3
3,22383 – LUNCH BAG SUKI DESIGN  → 20728 – LUNCH BAG CARS BLUE → 20728 – LUNCH BAG CARS BLUE,89,0.04023508137432188,0.5056818181818182,2
3,22383 – LUNCH BAG SUKI DESIGN  → 22382 – LUNCH BAG SPACEBOY DESIGN  → 20727 – LUNCH BAG  BLACK SKULL.,89,0.04023508137432188,0.489010989010989,3
3,22383 – LUNCH BAG SUKI DESIGN  → 22382 – LUNCH BAG SPACEBOY DESIGN  → 23209 – LUNCH BAG VINTAGE DOILY ,89,0.04023508137432188,0.489010989010989,3
3,22383 – LUNCH BAG SUKI DESIGN  → 20727 – LUNCH BAG  BLACK SKULL. → 23209 – LUNCH BAG VINTAGE DOILY ,89,0.04023508137432188,0.4708994708994709,3
3,22384 – LUNCH BAG PINK POLKADOT → 22384 – LUNCH BAG PINK POLKADOT → 23209 – LUNCH BAG VINTAGE DOILY ,89,0.04023508137432188,0.45408163265306123,2
3,22382 – LUNCH BAG SPACEBOY DESIGN  → 22382 – LUNCH BAG SPACEBOY DESIGN  → 20727 – LUNCH BAG  BLACK SKULL.,89,0.04023508137432188,0.4494949494949495,2
3,85099B – JUMBO BAG RED RETROSPOT → 20725 – LUNCH BAG RED RETROSPOT → 22384 – LUNCH BAG PINK POLKADOT,89,0.04023508137432188,0.445,3
3,20725 – LUNCH BAG RED RETROSPOT → 22382 – LUNCH BAG SPACEBOY DESIGN  → 20728 – LUNCH BAG CARS BLUE,89,0.04023508137432188,0.42995169082125606,3
3,23298 – SPOTTY BUNTING → 23298 – SPOTTY BUNTING → 23298 – SPOTTY BUNTING,89,0.04023508137432188,0.4238095238095238,1
3,85123A – CREAM HANGING HEART T-LIGHT HOLDER → 85123A – CREAM HANGING HEART T-LIGHT HOLDER → 22469 – HEART OF WICKER SMALL,89,0.04023508137432188,0.21867321867321868,2
3,22382 – LUNCH BAG SPACEBOY DESIGN  → 85099B – JUMBO BAG RED RETROSPOT → 85099B – JUMBO BAG RED RETROSPOT,88,0.039783001808318265,0.624113475177305,2
3,22382 – LUNCH BAG SPACEBOY DESIGN  → 85099B – JUMBO BAG RED RETROSPOT → 23203 – JUMBO BAG VINTAGE DOILY ,88,0.039783001808318265,0.624113475177305,3
3,85099B – JUMBO BAG RED RETROSPOT → 20728 – LUNCH BAG CARS BLUE → 23203 – JUMBO BAG VINTAGE DOILY ,88,0.039783001808318265,0.6111111111111112,3
3,20727 – LUNCH BAG  BLACK SKULL. → 23203 – JUMBO BAG VINTAGE DOILY  → 20727 – LUNCH BAG  BLACK SKULL.,88,0.039783001808318265,0.6111111111111112,2
3,22383 – LUNCH BAG SUKI DESIGN  → 22384 – LUNCH BAG PINK POLKADOT → 23209 – LUNCH BAG VINTAGE DOILY ,88,0.039783001808318265,0.5269461077844312,3
3,20727 – LUNCH BAG  BLACK SKULL. → 23209 – LUNCH BAG VINTAGE DOILY  → 22383 – LUNCH BAG SUKI DESIGN ,88,0.039783001808318265,0.5207100591715976,3
3,22382 – LUNCH BAG SPACEBOY DESIGN  → 23209 – LUNCH BAG VINTAGE DOILY  → 23203 – JUMBO BAG VINTAGE DOILY ,88,0.039783001808318265,0.5146198830409356,3
3,22384 – LUNCH BAG PINK POLKADOT → 23209 – LUNCH BAG VINTAGE DOILY  → 22384 – LUNCH BAG PINK POLKADOT,88,0.039783001808318265,0.5146198830409356,2
3,20727 – LUNCH BAG  BLACK SKULL. → 22384 – LUNCH BAG PINK POLKADOT → 22383 – LUNCH BAG SUKI DESIGN ,88,0.039783001808318265,0.5086705202312138,3
3,20728 – LUNCH BAG CARS BLUE → 22382 – LUNCH BAG SPACEBOY DESIGN  → 23209 – LUNCH BAG VINTAGE DOILY ,88,0.039783001808318265,0.5,3
3,20728 – LUNCH BAG CARS BLUE → 22382 – LUNCH BAG SPACEBOY DESIGN  → 20727 – LUNCH BAG  BLACK SKULL.,88,0.039783001808318265,0.5,3
3,22384 – LUNCH BAG PINK POLKADOT → 20727 – LUNCH BAG  BLACK SKULL. → 20728 – LUNCH BAG CARS BLUE,88,0.039783001808318265,0.4943820224719101,3
3,20728 – LUNCH BAG CARS BLUE → 23209 – LUNCH BAG VINTAGE DOILY  → 85099B – JUMBO BAG RED RETROSPOT,88,0.039783001808318265,0.4835164835164835,3
3,22383 – LUNCH BAG SUKI DESIGN  → 20725 – LUNCH BAG RED RETROSPOT → 22382 – LUNCH BAG SPACEBOY DESIGN ,88,0.039783001808318265,0.4536082474226804,3
3,47566 – PARTY BUNTING → 23298 – SPOTTY BUNTING → 47566 – PARTY BUNTING,88,0.039783001808318265,0.4467005076142132,2
3,85099B – JUMBO BAG RED RETROSPOT → 20725 – LUNCH BAG RED RETROSPOT → 22383 – LUNCH BAG SUKI DESIGN ,88,0.039783001808318265,0.44,3
3,85099B – JUMBO BAG RED RETROSPOT → 20725 – LUNCH BAG RED RETROSPOT → 20728 – LUNCH BAG CARS BLUE,88,0.039783001808318265,0.44,3
3,22469 – HEART OF WICKER SMALL → 22469 – HEART OF WICKER SMALL → 22469 – HEART OF WICKER SMALL,88,0.039783001808318265,0.43781094527363185,1
3,20725 – LUNCH BAG RED RETROSPOT → 22383 – LUNCH BAG SUKI DESIGN  → 85099B – JUMBO BAG RED RETROSPOT,88,0.039783001808318265,0.42718446601941745,3
3,23209 – LUNCH BAG VINTAGE DOILY  → 23209 – LUNCH BAG VINTAGE DOILY  → 20727 – LUNCH BAG  BLACK SKULL.,88,0.039783001808318265,0.42718446601941745,2
3,20727 – LUNCH BAG  BLACK SKULL. → 20725 – LUNCH BAG RED RETROSPOT → 85099B – JUMBO BAG RED RETROSPOT,88,0.039783001808318265,0.4230769230769231,3
3,85123A – CREAM HANGING HEART T-LIGHT HOLDER → 85123A – CREAM HANGING HEART T-LIGHT HOLDER → 20725 – LUNCH BAG RED RETROSPOT,88,0.039783001808318265,0.21621621621621623,2
3,85099B – JUMBO BAG RED RETROSPOT → 22383 – LUNCH BAG SUKI DESIGN  → 22383 – LUNCH BAG SUKI DESIGN ,87,0.039330922242314645,0.6304347826086957,2
3,22382 – LUNCH BAG SPACEBOY DESIGN  → 85099B – JUMBO BAG RED RETROSPOT → 20725 – LUNCH BAG RED RETROSPOT,87,0.039330922242314645,0.6170212765957447,3
3,85099B – JUMBO BAG RED RETROSPOT → 20728 – LUNCH BAG CARS BLUE → 20727 – LUNCH BAG  BLACK SKULL.,87,0.039330922242314645,0.6041666666666666,3
3,20727 – LUNCH BAG  BLACK SKULL. → 85099B – JUMBO BAG RED RETROSPOT → 85099B – JUMBO BAG RED RETROSPOT,87,0.039330922242314645,0.5506329113924051,2
3,85123A – CREAM HANGING HEART T-LIGHT HOLDER → 85099B – JUMBO BAG RED RETROSPOT → 85099B – JUMBO BAG RED RETROSPOT,87,0.039330922242314645,0.5370370370370371,2
3,22383 – LUNCH BAG SUKI DESIGN  → 23209 – LUNCH BAG VINTAGE DOILY  → 23203 – JUMBO BAG VINTAGE DOILY ,87,0.039330922242314645,0.5304878048780488,3
3,23209 – LUNCH BAG VINTAGE DOILY  → 20725 – LUNCH BAG RED RETROSPOT → 20725 – LUNCH BAG RED RETROSPOT,87,0.039330922242314645,0.5209580838323353,2
3,20727 – LUNCH BAG  BLACK SKULL. → 23209 – LUNCH BAG VINTAGE DOILY  → 23203 – JUMBO BAG VINTAGE DOILY ,87,0.039330922242314645,0.514792899408284,3
3,22384 – LUNCH BAG PINK POLKADOT → 23209 – LUNCH BAG VINTAGE DOILY  → 23203 – JUMBO BAG VINTAGE DOILY ,87,0.039330922242314645,0.5087719298245614,3
3,22384 – LUNCH BAG PINK POLKADOT → 22382 – LUNCH BAG SPACEBOY DESIGN  → 20725 – LUNCH BAG RED RETROSPOT,87,0.039330922242314645,0.5058139534883721,3
3,20727 – LUNCH BAG  BLACK SKULL. → 20728 – LUNCH BAG CARS BLUE → 22383 – LUNCH BAG SUKI DESIGN ,87,0.039330922242314645,0.5028901734104047,3
3,20728 – LUNCH BAG CARS BLUE → 22382 – LUNCH BAG SPACEBOY DESIGN  → 22384 – LUNCH BAG PINK POLKADOT,87,0.039330922242314645,0.4943181818181818,3
3,22382 – LUNCH BAG SPACEBOY DESIGN  → 22383 – LUNCH BAG SUKI DESIGN  → 22384 – LUNCH BAG PINK POLKADOT,87,0.039330922242314645,0.47802197802197804,3
3,22383 – LUNCH BAG SUKI DESIGN  → 20727 – LUNCH BAG  BLACK SKULL. → 22384 – LUNCH BAG PINK POLKADOT,87,0.039330922242314645,0.4603174603174603,3
3,22382 – LUNCH BAG SPACEBOY DESIGN  → 22382 – LUNCH BAG SPACEBOY DESIGN  → 23209 – LUNCH BAG VINTAGE DOILY ,87,0.039330922242314645,0.4393939393939394,2
3,20725 – LUNCH BAG RED RETROSPOT → 22383 – LUNCH BAG SUKI DESIGN  → 23203 – JUMBO BAG VINTAGE DOILY ,87,0.039330922242314645,0.4223300970873786,3
3,85099B – JUMBO BAG RED RETROSPOT → 85099B – JUMBO BAG RED RETROSPOT → 20728 – LUNCH BAG CARS BLUE,87,0.039330922242314645,0.27884615384615385,2
3,85123A – CREAM HANGING HEART T-LIGHT HOLDER → 85123A – CREAM HANGING HEART T-LIGHT HOLDER → 22720 – SET OF 3 CAKE TINS PANTRY DESIGN ,87,0.039330922242314645,0.21375921375921375,2
3,20727 – LUNCH BAG  BLACK SKULL. → 23203 – JUMBO BAG VINTAGE DOILY  → 23203 – JUMBO BAG VINTAGE DOILY ,86,0.03887884267631103,0.5972222222222222,2
3,20727 – LUNCH BAG  BLACK SKULL. → 23203 – JUMBO BAG VINTAGE DOILY  → 85099B – JUMBO BAG RED RETROSPOT,86,0.03887884267631103,0.5972222222222222,3
3,85099B – JUMBO BAG RED RETROSPOT → 85123A – CREAM HANGING HEART T-LIGHT HOLDER → 85099B – JUMBO BAG RED RETROSPOT,86,0.03887884267631103,0.5850340136054422,2
3,20727 – LUNCH BAG  BLACK SKULL. → 85099B – JUMBO BAG RED RETROSPOT → 20727 – LUNCH BAG  BLACK SKULL.,86,0.03887884267631103,0.5443037974683544,2
3,85099B – JUMBO BAG RED RETROSPOT → 23209 – LUNCH BAG VINTAGE DOILY  → 20727 – LUNCH BAG  BLACK SKULL.,86,0.03887884267631103,0.5180722891566265,3
3,20728 – LUNCH BAG CARS BLUE → 85099B – JUMBO BAG RED RETROSPOT → 23203 – JUMBO BAG VINTAGE DOILY ,86,0.03887884267631103,0.5149700598802395,3
3,22384 – LUNCH BAG PINK POLKADOT → 85099B – JUMBO BAG RED RETROSPOT → 22384 – LUNCH BAG PINK POLKADOT,86,0.03887884267631103,0.5149700598802395,2
3,22384 – LUNCH BAG PINK POLKADOT → 22383 – LUNCH BAG SUKI DESIGN  → 22384 – LUNCH BAG PINK POLKADOT,86,0.03887884267631103,0.5119047619047619,2
3,20727 – LUNCH BAG  BLACK SKULL. → 23209 – LUNCH BAG VINTAGE DOILY  → 22382 – LUNCH BAG SPACEBOY DESIGN ,86,0.03887884267631103,0.5088757396449705,3
3,22384 – LUNCH BAG PINK POLKADOT → 20728 – LUNCH BAG CARS BLUE → 23209 – LUNCH BAG VINTAGE DOILY ,86,0.03887884267631103,0.5029239766081871,3
3,20728 – LUNCH BAG CARS BLUE → 22382 – LUNCH BAG SPACEBOY DESIGN  → 22382 – LUNCH BAG SPACEBOY DESIGN ,86,0.03887884267631103,0.48863636363636365,2
3,22382 – LUNCH BAG SPACEBOY DESIGN  → 22383 – LUNCH BAG SUKI DESIGN  → 20728 – LUNCH BAG CARS BLUE,86,0.03887884267631103,0.4725274725274725,3
3,20727 – LUNCH BAG  BLACK SKULL. → 22383 – LUNCH BAG SUKI DESIGN  → 22382 – LUNCH BAG SPACEBOY DESIGN ,86,0.03887884267631103,0.46994535519125685,3
3,20728 – LUNCH BAG CARS BLUE → 20727 – LUNCH BAG  BLACK SKULL. → 23209 – LUNCH BAG VINTAGE DOILY ,86,0.03887884267631103,0.4574468085106383,3
3,20725 – LUNCH BAG RED RETROSPOT → 20728 – LUNCH BAG CARS BLUE → 85099B – JUMBO BAG RED RETROSPOT,86,0.03887884267631103,0.44329896907216493,3
3,22384 – LUNCH BAG PINK POLKADOT → 20725 – LUNCH BAG RED RETROSPOT → 22382 – LUNCH BAG SPACEBOY DESIGN ,86,0.03887884267631103,0.42786069651741293,3
3,22423 – REGENCY CAKESTAND 3 TIER → 23245 – SET OF 3 REGENCY CAKE TINS → 22423 – REGENCY CAKESTAND 3 TIER,86,0.03887884267631103,0.4174757281553398,2
3,20725 – LUNCH BAG RED RETROSPOT → 20727 – LUNCH BAG  BLACK SKULL. → 23203 – JUMBO BAG VINTAGE DOILY ,86,0.03887884267631103,0.4056603773584906,3
3,85123A – CREAM HANGING HEART T-LIGHT HOLDER → 85123A – CREAM HANGING HEART T-LIGHT HOLDER → 23355 – HOT WATER BOTTLE KEEP CALM,86,0.03887884267631103,0.2113022113022113,2
3,22383 – LUNCH BAG SUKI DESIGN  → 23203 – JUMBO BAG VINTAGE DOILY  → 23203 – JUMBO BAG VINTAGE DOILY ,85,0.03842676311030741,0.6115107913669064,2
3,22720 – SET OF 3 CAKE TINS PANTRY DESIGN  → 85123A – CREAM HANGING HEART T-LIGHT HOLDER → 85123A – CREAM HANGING HEART T-LIGHT HOLDER,85,0.03842676311030741,0.6071428571428571,2
3,20728 – LUNCH BAG CARS BLUE → 23203 – JUMBO BAG VINTAGE DOILY  → 23209 – LUNCH BAG VINTAGE DOILY ,85,0.03842676311030741,0.5944055944055944,3
3,85099B – JUMBO BAG RED RETROSPOT → 22382 – LUNCH BAG SPACEBOY DESIGN  → 85099B – JUMBO BAG RED RETROSPOT,85,0.03842676311030741,0.5821917808219178,2
3,22382 – LUNCH BAG SPACEBOY DESIGN  → 20728 – LUNCH BAG CARS BLUE → 22383 – LUNCH BAG SUKI DESIGN ,85,0.03842676311030741,0.5279503105590062,3
3,47566 – PARTY BUNTING → 85123A – CREAM HANGING HEART T-LIGHT HOLDER → 85123A – CREAM HANGING HEART T-LIGHT HOLDER,85,0.03842676311030741,0.5059523809523809,2
3,20727 – LUNCH BAG  BLACK SKULL. → 22382 – LUNCH BAG SPACEBOY DESIGN  → 22382 – LUNCH BAG SPACEBOY DESIGN ,85,0.03842676311030741,0.5029585798816568,2
3,20727 – LUNCH BAG  BLACK SKULL. → 23209 – LUNCH BAG VINTAGE DOILY  → 20728 – LUNCH BAG CARS BLUE,85,0.03842676311030741,0.5029585798816568,3
3,22423 – REGENCY CAKESTAND 3 TIER → 85123A – CREAM HANGING HEART T-LIGHT HOLDER → 85123A – CREAM HANGING HEART T-LIGHT HOLDER,85,0.03842676311030741,0.49707602339181284,2
3,20727 – LUNCH BAG  BLACK SKULL. → 22384 – LUNCH BAG PINK POLKADOT → 22382 – LUNCH BAG SPACEBOY DESIGN ,85,0.03842676311030741,0.4913294797687861,3
3,22383 – LUNCH BAG SUKI DESIGN  → 20728 – LUNCH BAG CARS BLUE → 23209 – LUNCH BAG VINTAGE DOILY ,85,0.03842676311030741,0.48295454545454547,3
3,20728 – LUNCH BAG CARS BLUE → 22382 – LUNCH BAG SPACEBOY DESIGN  → 20728 – LUNCH BAG CARS BLUE,85,0.03842676311030741,0.48295454545454547,2
3,22384 – LUNCH BAG PINK POLKADOT → 20727 – LUNCH BAG  BLACK SKULL. → 22383 – LUNCH BAG SUKI DESIGN ,85,0.03842676311030741,0.47752808988764045,3
3,22383 – LUNCH BAG SUKI DESIGN  → 22382 – LUNCH BAG SPACEBOY DESIGN  → 22382 – LUNCH BAG SPACEBOY DESIGN ,85,0.03842676311030741,0.46703296703296704,2
3,22457 – NATURAL SLATE HEART CHALKBOARD  → 22457 – NATURAL SLATE HEART CHALKBOARD  → 22457 – NATURAL SLATE HEART CHALKBOARD ,85,0.03842676311030741,0.46703296703296704,1
3,23209 – LUNCH BAG VINTAGE DOILY  → 23203 – JUMBO BAG VINTAGE DOILY  → 20725 – LUNCH BAG RED RETROSPOT,85,0.03842676311030741,0.4644808743169399,3
3,20727 – LUNCH BAG  BLACK SKULL. → 22383 – LUNCH BAG SUKI DESIGN  → 23209 – LUNCH BAG VINTAGE DOILY ,85,0.03842676311030741,0.4644808743169399,3
3,20728 – LUNCH BAG CARS BLUE → 20727 – LUNCH BAG  BLACK SKULL. → 22382 – LUNCH BAG SPACEBOY DESIGN ,85,0.03842676311030741,0.4521276595744681,3
3,20725 – LUNCH BAG RED RETROSPOT → 85099B – JUMBO BAG RED RETROSPOT → 22384 – LUNCH BAG PINK POLKADOT,85,0.03842676311030741,0.4358974358974359,3
3,22384 – LUNCH BAG PINK POLKADOT → 22384 – LUNCH BAG PINK POLKADOT → 22382 – LUNCH BAG SPACEBOY DESIGN ,85,0.03842676311030741,0.4336734693877551,2
3,22086 – PAPER CHAIN KIT 50'S CHRISTMAS  → 22086 – PAPER CHAIN KIT 50'S CHRISTMAS  → 22086 – PAPER CHAIN KIT 50'S CHRISTMAS ,85,0.03842676311030741,0.4336734693877551,1
3,22382 – LUNCH BAG SPACEBOY DESIGN  → 22382 – LUNCH BAG SPACEBOY DESIGN  → 22383 – LUNCH BAG SUKI DESIGN ,85,0.03842676311030741,0.4292929292929293,2
3,22382 – LUNCH BAG SPACEBOY DESIGN  → 20725 – LUNCH BAG RED RETROSPOT → 23203 – JUMBO BAG VINTAGE DOILY ,85,0.03842676311030741,0.4292929292929293,3
3,23203 – JUMBO BAG VINTAGE DOILY  → 85099B – JUMBO BAG RED RETROSPOT → 23209 – LUNCH BAG VINTAGE DOILY ,85,0.03842676311030741,0.4166666666666667,3
3,23209 – LUNCH BAG VINTAGE DOILY  → 23209 – LUNCH BAG VINTAGE DOILY  → 22383 – LUNCH BAG SUKI DESIGN ,85,0.03842676311030741,0.41262135922330095,2
3,20725 – LUNCH BAG RED RETROSPOT → 22382 – LUNCH BAG SPACEBOY DESIGN  → 23203 – JUMBO BAG VINTAGE DOILY ,85,0.03842676311030741,0.4106280193236715,3
3,22383 – LUNCH BAG SUKI DESIGN  → 22383 – LUNCH BAG SUKI DESIGN  → 23203 – JUMBO BAG VINTAGE DOILY ,85,0.03842676311030741,0.37610619469026546,2
3,20727 – LUNCH BAG  BLACK SKULL. → 20727 – LUNCH BAG  BLACK SKULL. → 23203 – JUMBO BAG VINTAGE DOILY ,85,0.03842676311030741,0.37117903930131,2
3,23203 – JUMBO BAG VINTAGE DOILY  → 23203 – JUMBO BAG VINTAGE DOILY  → 20725 – LUNCH BAG RED RETROSPOT,85,0.03842676311030741,0.36637931034482757,2
3,85123A – CREAM HANGING HEART T-LIGHT HOLDER → 85123A – CREAM HANGING HEART T-LIGHT HOLDER → 22086 – PAPER CHAIN KIT 50'S CHRISTMAS ,85,0.03842676311030741,0.20884520884520885,2
3,85099B – JUMBO BAG RED RETROSPOT → 22383 – LUNCH BAG SUKI DESIGN  → 23203 – JUMBO BAG VINTAGE DOILY ,84,0.0379746835443038,0.6086956521739131,3
3,85099B – JUMBO BAG RED RETROSPOT → 22383 – LUNCH BAG SUKI DESIGN  → 20725 – LUNCH BAG RED RETROSPOT,84,0.0379746835443038,0.6086956521739131,3
3,22382 – LUNCH BAG SPACEBOY DESIGN  → 23203 – JUMBO BAG VINTAGE DOILY  → 23203 – JUMBO BAG VINTAGE DOILY ,84,0.0379746835443038,0.60431654676259,2
3,85123A – CREAM HANGING HEART T-LIGHT HOLDER → 20725 – LUNCH BAG RED RETROSPOT → 85123A – CREAM HANGING HEART T-LIGHT HOLDER,84,0.0379746835443038,0.5957446808510638,2
3,85099B – JUMBO BAG RED RETROSPOT → 20728 – LUNCH BAG CARS BLUE → 23209 – LUNCH BAG VINTAGE DOILY ,84,0.0379746835443038,0.5833333333333334,3
3,85099B – JUMBO BAG RED RETROSPOT → 22382 – LUNCH BAG SPACEBOY DESIGN  → 23203 – JUMBO BAG VINTAGE DOILY ,84,0.0379746835443038,0.5753424657534246,3
3,22423 – REGENCY CAKESTAND 3 TIER → 84879 – ASSORTED COLOUR BIRD ORNAMENT → 84879 – ASSORTED COLOUR BIRD ORNAMENT,84,0.0379746835443038,0.5526315789473685,2
3,85123A – CREAM HANGING HEART T-LIGHT HOLDER → 23298 – SPOTTY BUNTING → 85123A – CREAM HANGING HEART T-LIGHT HOLDER,84,0.0379746835443038,0.5526315789473685,2
3,85123A – CREAM HANGING HEART T-LIGHT HOLDER → 82482 – WOODEN PICTURE FRAME WHITE FINISH → 82482 – WOODEN PICTURE FRAME WHITE FINISH,84,0.0379746835443038,0.5316455696202531,2
3,22382 – LUNCH BAG SPACEBOY DESIGN  → 22384 – LUNCH BAG PINK POLKADOT → 20728 – LUNCH BAG CARS BLUE,84,0.0379746835443038,0.5283018867924528,3
3,22383 – LUNCH BAG SUKI DESIGN  → 23209 – LUNCH BAG VINTAGE DOILY  → 22384 – LUNCH BAG PINK POLKADOT,84,0.0379746835443038,0.5121951219512195,3
3,22382 – LUNCH BAG SPACEBOY DESIGN  → 23209 – LUNCH BAG VINTAGE DOILY  → 22383 – LUNCH BAG SUKI DESIGN ,84,0.0379746835443038,0.49122807017543857,3
3,20727 – LUNCH BAG  BLACK SKULL. → 22384 – LUNCH BAG PINK POLKADOT → 23209 – LUNCH BAG VINTAGE DOILY ,84,0.0379746835443038,0.48554913294797686,3
3,20727 – LUNCH BAG  BLACK SKULL. → 20728 – LUNCH BAG CARS BLUE → 23209 – LUNCH BAG VINTAGE DOILY ,84,0.0379746835443038,0.48554913294797686,3
3,22383 – LUNCH BAG SUKI DESIGN  → 20728 – LUNCH BAG CARS BLUE → 22382 – LUNCH BAG SPACEBOY DESIGN ,84,0.0379746835443038,0.4772727272727273,3
3,22383 – LUNCH BAG SUKI DESIGN  → 20727 – LUNCH BAG  BLACK SKULL. → 22382 – LUNCH BAG SPACEBOY DESIGN ,84,0.0379746835443038,0.4444444444444444,3
3,85123A – CREAM HANGING HEART T-LIGHT HOLDER → 85123A – CREAM HANGING HEART T-LIGHT HOLDER → 84879 – ASSORTED COLOUR BIRD ORNAMENT,84,0.0379746835443038,0.20638820638820637,2
3,85099B – JUMBO BAG RED RETROSPOT → 47566 – PARTY BUNTING → 85099B – JUMBO BAG RED RETROSPOT,83,0.03752260397830018,0.7155172413793104,2
3,23203 – JUMBO BAG VINTAGE DOILY  → 20725 – LUNCH BAG RED RETROSPOT → 23203 – JUMBO BAG VINTAGE DOILY ,83,0.03752260397830018,0.6148148148148148,2
3,85123A – CREAM HANGING HEART T-LIGHT HOLDER → 20725 – LUNCH BAG RED RETROSPOT → 20725 – LUNCH BAG RED RETROSPOT,83,0.03752260397830018,0.5886524822695035,2
3,20728 – LUNCH BAG CARS BLUE → 23203 – JUMBO BAG VINTAGE DOILY  → 20725 – LUNCH BAG RED RETROSPOT,83,0.03752260397830018,0.5804195804195804,3
3,22383 – LUNCH BAG SUKI DESIGN  → 85099B – JUMBO BAG RED RETROSPOT → 23203 – JUMBO BAG VINTAGE DOILY ,83,0.03752260397830018,0.564625850340136,3
3,20727 – LUNCH BAG  BLACK SKULL. → 85099B – JUMBO BAG RED RETROSPOT → 23203 – JUMBO BAG VINTAGE DOILY ,83,0.03752260397830018,0.5253164556962026,3
3,22382 – LUNCH BAG SPACEBOY DESIGN  → 20728 – LUNCH BAG CARS BLUE → 20728 – LUNCH BAG CARS BLUE,83,0.03752260397830018,0.515527950310559,2
3,85123A – CREAM HANGING HEART T-LIGHT HOLDER → 85099B – JUMBO BAG RED RETROSPOT → 85123A – CREAM HANGING HEART T-LIGHT HOLDER,83,0.03752260397830018,0.5123456790123457,2
3,23209 – LUNCH BAG VINTAGE DOILY  → 20725 – LUNCH BAG RED RETROSPOT → 23203 – JUMBO BAG VINTAGE DOILY ,83,0.03752260397830018,0.49700598802395207,3
3,20728 – LUNCH BAG CARS BLUE → 85099B – JUMBO BAG RED RETROSPOT → 20727 – LUNCH BAG  BLACK SKULL.,83,0.03752260397830018,0.49700598802395207,3
3,20727 – LUNCH BAG  BLACK SKULL. → 22382 – LUNCH BAG SPACEBOY DESIGN  → 23209 – LUNCH BAG VINTAGE DOILY ,83,0.03752260397830018,0.4911242603550296,3
3,20727 – LUNCH BAG  BLACK SKULL. → 22382 – LUNCH BAG SPACEBOY DESIGN  → 22383 – LUNCH BAG SUKI DESIGN ,83,0.03752260397830018,0.4911242603550296,3
3,22382 – LUNCH BAG SPACEBOY DESIGN  → 23209 – LUNCH BAG VINTAGE DOILY  → 22384 – LUNCH BAG PINK POLKADOT,83,0.03752260397830018,0.4853801169590643,3
3,22384 – LUNCH BAG PINK POLKADOT → 23209 – LUNCH BAG VINTAGE DOILY  → 22383 – LUNCH BAG SUKI DESIGN ,83,0.03752260397830018,0.4853801169590643,3
3,22384 – LUNCH BAG PINK POLKADOT → 22382 – LUNCH BAG SPACEBOY DESIGN  → 20727 – LUNCH BAG  BLACK SKULL.,83,0.03752260397830018,0.48255813953488375,3
3,20727 – LUNCH BAG  BLACK SKULL. → 20728 – LUNCH BAG CARS BLUE → 22382 – LUNCH BAG SPACEBOY DESIGN ,83,0.03752260397830018,0.4797687861271676,3
3,23084 – RABBIT NIGHT LIGHT → 23084 – RABBIT NIGHT LIGHT → 23084 – RABBIT NIGHT LIGHT,83,0.03752260397830018,0.453551912568306,1
3,20728 – LUNCH BAG CARS BLUE → 22384 – LUNCH BAG PINK POLKADOT → 85099B – JUMBO BAG RED RETROSPOT,83,0.03752260397830018,0.453551912568306,3
3,20725 – LUNCH BAG RED RETROSPOT → 85099B – JUMBO BAG RED RETROSPOT → 22383 – LUNCH BAG SUKI DESIGN ,83,0.03752260397830018,0.4256410256410256,3
3,20725 – LUNCH BAG RED RETROSPOT → 85099B – JUMBO BAG RED RETROSPOT → 22382 – LUNCH BAG SPACEBOY DESIGN ,83,0.03752260397830018,0.4256410256410256,3
3,22382 – LUNCH BAG SPACEBOY DESIGN  → 22382 – LUNCH BAG SPACEBOY DESIGN  → 22384 – LUNCH BAG PINK POLKADOT,83,0.03752260397830018,0.41919191919191917,2
3,22384 – LUNCH BAG PINK POLKADOT → 20725 – LUNCH BAG RED RETROSPOT → 23203 – JUMBO BAG VINTAGE DOILY ,83,0.03752260397830018,0.4129353233830846,3
3,23209 – LUNCH BAG VINTAGE DOILY  → 23209 – LUNCH BAG VINTAGE DOILY  → 22382 – LUNCH BAG SPACEBOY DESIGN ,83,0.03752260397830018,0.4029126213592233,2
3,20725 – LUNCH BAG RED RETROSPOT → 22382 – LUNCH BAG SPACEBOY DESIGN  → 85099B – JUMBO BAG RED RETROSPOT,83,0.03752260397830018,0.40096618357487923,3
3,22383 – LUNCH BAG SUKI DESIGN  → 22383 – LUNCH BAG SUKI DESIGN  → 85099B – JUMBO BAG RED RETROSPOT,83,0.03752260397830018,0.3672566371681416,2
3,85099B – JUMBO BAG RED RETROSPOT → 85099B – JUMBO BAG RED RETROSPOT → 22383 – LUNCH BAG SUKI DESIGN ,83,0.03752260397830018,0.266025641025641,2
3,85123A – CREAM HANGING HEART T-LIGHT HOLDER → 85123A – CREAM HANGING HEART T-LIGHT HOLDER → 23209 – LUNCH BAG VINTAGE DOILY ,83,0.03752260397830018,0.20393120393120392,2
3,47566 – PARTY BUNTING → 23203 – JUMBO BAG VINTAGE DOILY  → 23203 – JUMBO BAG VINTAGE DOILY ,82,0.037070524412296565,0.5942028985507246,2
3,22382 – LUNCH BAG SPACEBOY DESIGN  → 23203 – JUMBO BAG VINTAGE DOILY  → 85099B – JUMBO BAG RED RETROSPOT,82,0.037070524412296565,0.5899280575539568,3
3,85099B – JUMBO BAG RED RETROSPOT → 22382 – LUNCH BAG SPACEBOY DESIGN  → 22382 – LUNCH BAG SPACEBOY DESIGN ,82,0.037070524412296565,0.5616438356164384,2
3,85099B – JUMBO BAG RED RETROSPOT → 22382 – LUNCH BAG SPACEBOY DESIGN  → 20727 – LUNCH BAG  BLACK SKULL.,82,0.037070524412296565,0.5616438356164384,3
3,23209 – LUNCH BAG VINTAGE DOILY  → 85099B – JUMBO BAG RED RETROSPOT → 85099B – JUMBO BAG RED RETROSPOT,82,0.037070524412296565,0.5503355704697986,2
3,23209 – LUNCH BAG VINTAGE DOILY  → 20727 – LUNCH BAG  BLACK SKULL. → 23209 – LUNCH BAG VINTAGE DOILY ,82,0.037070524412296565,0.5503355704697986,2
3,22699 – ROSES REGENCY TEACUP AND SAUCER  → 22423 – REGENCY CAKESTAND 3 TIER → 22423 – REGENCY CAKESTAND 3 TIER,82,0.037070524412296565,0.5189873417721519,2
3,22382 – LUNCH BAG SPACEBOY DESIGN  → 22384 – LUNCH BAG PINK POLKADOT → 23209 – LUNCH BAG VINTAGE DOILY ,82,0.037070524412296565,0.5157232704402516,3
3,85099B – JUMBO BAG RED RETROSPOT → 22384 – LUNCH BAG PINK POLKADOT → 20728 – LUNCH BAG CARS BLUE,82,0.037070524412296565,0.5030674846625767,3
3,22423 – REGENCY CAKESTAND 3 TIER → 22699 – ROSES REGENCY TEACUP AND SAUCER  → 22699 – ROSES REGENCY TEACUP AND SAUCER ,82,0.037070524412296565,0.49696969696969695,2
3,20727 – LUNCH BAG  BLACK SKULL. → 23209 – LUNCH BAG VINTAGE DOILY  → 22384 – LUNCH BAG PINK POLKADOT,82,0.037070524412296565,0.48520710059171596,3
3,22384 – LUNCH BAG PINK POLKADOT → 23209 – LUNCH BAG VINTAGE DOILY  → 22382 – LUNCH BAG SPACEBOY DESIGN ,82,0.037070524412296565,0.47953216374269003,3
3,22384 – LUNCH BAG PINK POLKADOT → 22382 – LUNCH BAG SPACEBOY DESIGN  → 22384 – LUNCH BAG PINK POLKADOT,82,0.037070524412296565,0.47674418604651164,2
3,22384 – LUNCH BAG PINK POLKADOT → 22382 – LUNCH BAG SPACEBOY DESIGN  → 23209 – LUNCH BAG VINTAGE DOILY ,82,0.037070524412296565,0.47674418604651164,3
3,22382 – LUNCH BAG SPACEBOY DESIGN  → 20727 – LUNCH BAG  BLACK SKULL. → 22383 – LUNCH BAG SUKI DESIGN ,82,0.037070524412296565,0.47398843930635837,3
3,22382 – LUNCH BAG SPACEBOY DESIGN  → 22383 – LUNCH BAG SUKI DESIGN  → 23209 – LUNCH BAG VINTAGE DOILY ,82,0.037070524412296565,0.45054945054945056,3
3,22383 – LUNCH BAG SUKI DESIGN  → 20725 – LUNCH BAG RED RETROSPOT → 23203 – JUMBO BAG VINTAGE DOILY ,82,0.037070524412296565,0.422680412371134,3
3,20725 – LUNCH BAG RED RETROSPOT → 22384 – LUNCH BAG PINK POLKADOT → 23203 – JUMBO BAG VINTAGE DOILY ,82,0.037070524412296565,0.41836734693877553,3
3,20728 – LUNCH BAG CARS BLUE → 20728 – LUNCH BAG CARS BLUE → 85099B – JUMBO BAG RED RETROSPOT,82,0.037070524412296565,0.4,2
3,23209 – LUNCH BAG VINTAGE DOILY  → 23209 – LUNCH BAG VINTAGE DOILY  → 85099B – JUMBO BAG RED RETROSPOT,82,0.037070524412296565,0.39805825242718446,2
3,47566 – PARTY BUNTING → 47566 – PARTY BUNTING → 85123A – CREAM HANGING HEART T-LIGHT HOLDER,82,0.037070524412296565,0.29285714285714287,2
3,22383 – LUNCH BAG SUKI DESIGN  → 85099B – JUMBO BAG RED RETROSPOT → 85099B – JUMBO BAG RED RETROSPOT,81,0.036618444846292945,0.5510204081632653,2
3,85123A – CREAM HANGING HEART T-LIGHT HOLDER → 23298 – SPOTTY BUNTING → 23298 – SPOTTY BUNTING,81,0.036618444846292945,0.5328947368421053,2
3,23203 – JUMBO BAG VINTAGE DOILY  → 23209 – LUNCH BAG VINTAGE DOILY  → 20725 – LUNCH BAG RED RETROSPOT,81,0.036618444846292945,0.50625,3
3,23203 – JUMBO BAG VINTAGE DOILY  → 23209 – LUNCH BAG VINTAGE DOILY  → 85099B – JUMBO BAG RED RETROSPOT,81,0.036618444846292945,0.50625,3
3,22383 – LUNCH BAG SUKI DESIGN  → 23209 – LUNCH BAG VINTAGE DOILY  → 20728 – LUNCH BAG CARS BLUE,81,0.036618444846292945,0.49390243902439024,3
3,20728 – LUNCH BAG CARS BLUE → 85099B – JUMBO BAG RED RETROSPOT → 20728 – LUNCH BAG CARS BLUE,81,0.036618444846292945,0.48502994011976047,2
3,85123A – CREAM HANGING HEART T-LIGHT HOLDER → 22423 – REGENCY CAKESTAND 3 TIER → 22423 – REGENCY CAKESTAND 3 TIER,81,0.036618444846292945,0.48502994011976047,2
3,22384 – LUNCH BAG PINK POLKADOT → 85099B – JUMBO BAG RED RETROSPOT → 20727 – LUNCH BAG  BLACK SKULL.,81,0.036618444846292945,0.48502994011976047,3
3,85123A – CREAM HANGING HEART T-LIGHT HOLDER → 84879 – ASSORTED COLOUR BIRD ORNAMENT → 85123A – CREAM HANGING HEART T-LIGHT HOLDER,81,0.036618444846292945,0.48214285714285715,2
3,22384 – LUNCH BAG PINK POLKADOT → 22383 – LUNCH BAG SUKI DESIGN  → 20728 – LUNCH BAG CARS BLUE,81,0.036618444846292945,0.48214285714285715,3
3,20725 – LUNCH BAG RED RETROSPOT → 23203 – JUMBO BAG VINTAGE DOILY  → 22382 – LUNCH BAG SPACEBOY DESIGN ,81,0.036618444846292945,0.47368421052631576,3
3,22384 – LUNCH BAG PINK POLKADOT → 20728 – LUNCH BAG CARS BLUE → 22382 – LUNCH BAG SPACEBOY DESIGN ,81,0.036618444846292945,0.47368421052631576,3
3,22384 – LUNCH BAG PINK POLKADOT → 22382 – LUNCH BAG SPACEBOY DESIGN  → 22383 – LUNCH BAG SUKI DESIGN ,81,0.036618444846292945,0.47093023255813954,3
3,22384 – LUNCH BAG PINK POLKADOT → 20727 – LUNCH BAG  BLACK SKULL. → 23209 – LUNCH BAG VINTAGE DOILY ,81,0.036618444846292945,0.4550561797752809,3
3,23209 – LUNCH BAG VINTAGE DOILY  → 23203 – JUMBO BAG VINTAGE DOILY  → 20727 – LUNCH BAG  BLACK SKULL.,81,0.036618444846292945,0.4426229508196721,3
3,21212 – PACK OF 72 RETROSPOT CAKE CASES → 21212 – PACK OF 72 RETROSPOT CAKE CASES → 21212 – PACK OF 72 RETROSPOT CAKE CASES,81,0.036618444846292945,0.42408376963350786,1
3,22383 – LUNCH BAG SUKI DESIGN  → 20725 – LUNCH BAG RED RETROSPOT → 85099B – JUMBO BAG RED RETROSPOT,81,0.036618444846292945,0.4175257731958763,3
3,20727 – LUNCH BAG  BLACK SKULL. → 20725 – LUNCH BAG RED RETROSPOT → 23203 – JUMBO BAG VINTAGE DOILY ,81,0.036618444846292945,0.3894230769230769,3
3,20728 – LUNCH BAG CARS BLUE → 20725 – LUNCH BAG RED RETROSPOT → 23203 – JUMBO BAG VINTAGE DOILY ,81,0.036618444846292945,0.3875598086124402,3
3,85099B – JUMBO BAG RED RETROSPOT → 85099B – JUMBO BAG RED RETROSPOT → 22382 – LUNCH BAG SPACEBOY DESIGN ,81,0.036618444846292945,0.25961538461538464,2
3,85099B – JUMBO BAG RED RETROSPOT → 85099B – JUMBO BAG RED RETROSPOT → 23355 – HOT WATER BOTTLE KEEP CALM,81,0.036618444846292945,0.25961538461538464,2
3,85123A – CREAM HANGING HEART T-LIGHT HOLDER → 85123A – CREAM HANGING HEART T-LIGHT HOLDER → 23203 – JUMBO BAG VINTAGE DOILY ,81,0.036618444846292945,0.19901719901719903,2
3,85123A – CREAM HANGING HEART T-LIGHT HOLDER → 85123A – CREAM HANGING HEART T-LIGHT HOLDER → 22383 – LUNCH BAG SUKI DESIGN ,81,0.036618444846292945,0.19901719901719903,2
3,85123A – CREAM HANGING HEART T-LIGHT HOLDER → 20728 – LUNCH BAG CARS BLUE → 85123A – CREAM HANGING HEART T-LIGHT HOLDER,80,0.03616636528028933,0.583941605839416,2
3,22383 – LUNCH BAG SUKI DESIGN  → 23203 – JUMBO BAG VINTAGE DOILY  → 85099B – JUMBO BAG RED RETROSPOT,80,0.03616636528028933,0.5755395683453237,3
3,85099B – JUMBO BAG RED RETROSPOT → 20728 – LUNCH BAG CARS BLUE → 22384 – LUNCH BAG PINK POLKADOT,80,0.03616636528028933,0.5555555555555556,3
3,23209 – LUNCH BAG VINTAGE DOILY  → 85099B – JUMBO BAG RED RETROSPOT → 20725 – LUNCH BAG RED RETROSPOT,80,0.03616636528028933,0.5369127516778524,3
3,22382 – LUNCH BAG SPACEBOY DESIGN  → 20728 – LUNCH BAG CARS BLUE → 23209 – LUNCH BAG VINTAGE DOILY ,80,0.03616636528028933,0.4968944099378882,3
3,85099B – JUMBO BAG RED RETROSPOT → 22384 – LUNCH BAG PINK POLKADOT → 23209 – LUNCH BAG VINTAGE DOILY ,80,0.03616636528028933,0.49079754601226994,3
3,22383 – LUNCH BAG SUKI DESIGN  → 22382 – LUNCH BAG SPACEBOY DESIGN  → 22384 – LUNCH BAG PINK POLKADOT,80,0.03616636528028933,0.43956043956043955,3
3,23203 – JUMBO BAG VINTAGE DOILY  → 85099B – JUMBO BAG RED RETROSPOT → 20725 – LUNCH BAG RED RETROSPOT,80,0.03616636528028933,0.39215686274509803,3
3,85099B – JUMBO BAG RED RETROSPOT → 23203 – JUMBO BAG VINTAGE DOILY  → 22384 – LUNCH BAG PINK POLKADOT,80,0.03616636528028933,0.3389830508474576,3
3,85099B – JUMBO BAG RED RETROSPOT → 23203 – JUMBO BAG VINTAGE DOILY  → 22382 – LUNCH BAG SPACEBOY DESIGN ,80,0.03616636528028933,0.3389830508474576,3
3,85123A – CREAM HANGING HEART T-LIGHT HOLDER → 85123A – CREAM HANGING HEART T-LIGHT HOLDER → 20727 – LUNCH BAG  BLACK SKULL.,80,0.03616636528028933,0.19656019656019655,2
3,85123A – CREAM HANGING HEART T-LIGHT HOLDER → 85123A – CREAM HANGING HEART T-LIGHT HOLDER → 20728 – LUNCH BAG CARS BLUE,80,0.03616636528028933,0.19656019656019655,2
3,22720 – SET OF 3 CAKE TINS PANTRY DESIGN  → 85099B – JUMBO BAG RED RETROSPOT → 85099B – JUMBO BAG RED RETROSPOT,79,0.03571428571428571,0.6030534351145038,2
3,85123A – CREAM HANGING HEART T-LIGHT HOLDER → 22383 – LUNCH BAG SUKI DESIGN  → 85123A – CREAM HANGING HEART T-LIGHT HOLDER,79,0.03571428571428571,0.6030534351145038,2
3,23203 – JUMBO BAG VINTAGE DOILY  → 20725 – LUNCH BAG RED RETROSPOT → 20725 – LUNCH BAG RED RETROSPOT,79,0.03571428571428571,0.5851851851851851,2
3,23203 – JUMBO BAG VINTAGE DOILY  → 20725 – LUNCH BAG RED RETROSPOT → 23209 – LUNCH BAG VINTAGE DOILY ,79,0.03571428571428571,0.5851851851851851,3
3,85099B – JUMBO BAG RED RETROSPOT → 22383 – LUNCH BAG SUKI DESIGN  → 20727 – LUNCH BAG  BLACK SKULL.,79,0.03571428571428571,0.572463768115942,3
3,85099B – JUMBO BAG RED RETROSPOT → 20728 – LUNCH BAG CARS BLUE → 22383 – LUNCH BAG SUKI DESIGN ,79,0.03571428571428571,0.5486111111111112,3
3,20727 – LUNCH BAG  BLACK SKULL. → 23203 – JUMBO BAG VINTAGE DOILY  → 20725 – LUNCH BAG RED RETROSPOT,79,0.03571428571428571,0.5486111111111112,3
3,20727 – LUNCH BAG  BLACK SKULL. → 23203 – JUMBO BAG VINTAGE DOILY  → 23209 – LUNCH BAG VINTAGE DOILY ,79,0.03571428571428571,0.5486111111111112,3
3,21212 – PACK OF 72 RETROSPOT CAKE CASES → 20725 – LUNCH BAG RED RETROSPOT → 20725 – LUNCH BAG RED RETROSPOT,79,0.03571428571428571,0.5448275862068965,2
3,85123A – CREAM HANGING HEART T-LIGHT HOLDER → 22457 – NATURAL SLATE HEART CHALKBOARD  → 85123A – CREAM HANGING HEART T-LIGHT HOLDER,79,0.03571428571428571,0.5374149659863946,2
3,22384 – LUNCH BAG PINK POLKADOT → 23203 – JUMBO BAG VINTAGE DOILY  → 20725 – LUNCH BAG RED RETROSPOT,79,0.03571428571428571,0.5374149659863946,3
3,21212 – PACK OF 72 RETROSPOT CAKE CASES → 85099B – JUMBO BAG RED RETROSPOT → 85099B – JUMBO BAG RED RETROSPOT,79,0.03571428571428571,0.5231788079470199,2
3,22382 – LUNCH BAG SPACEBOY DESIGN  → 22384 – LUNCH BAG PINK POLKADOT → 85099B – JUMBO BAG RED RETROSPOT,79,0.03571428571428571,0.4968553459119497,3
3,85099B – JUMBO BAG RED RETROSPOT → 20727 – LUNCH BAG  BLACK SKULL. → 20728 – LUNCH BAG CARS BLUE,79,0.03571428571428571,0.4876543209876543,3
3,85099B – JUMBO BAG RED RETROSPOT → 22384 – LUNCH BAG PINK POLKADOT → 22382 – LUNCH BAG SPACEBOY DESIGN ,79,0.03571428571428571,0.48466257668711654,3
3,85099B – JUMBO BAG RED RETROSPOT → 22384 – LUNCH BAG PINK POLKADOT → 22383 – LUNCH BAG SUKI DESIGN ,79,0.03571428571428571,0.48466257668711654,3
3,85099B – JUMBO BAG RED RETROSPOT → 23209 – LUNCH BAG VINTAGE DOILY  → 22382 – LUNCH BAG SPACEBOY DESIGN ,79,0.03571428571428571,0.4759036144578313,3
3,22383 – LUNCH BAG SUKI DESIGN  → 22384 – LUNCH BAG PINK POLKADOT → 85099B – JUMBO BAG RED RETROSPOT,79,0.03571428571428571,0.47305389221556887,3
3,20728 – LUNCH BAG CARS BLUE → 85099B – JUMBO BAG RED RETROSPOT → 23209 – LUNCH BAG VINTAGE DOILY ,79,0.03571428571428571,0.47305389221556887,3
3,20727 – LUNCH BAG  BLACK SKULL. → 22382 – LUNCH BAG SPACEBOY DESIGN  → 22384 – LUNCH BAG PINK POLKADOT,79,0.03571428571428571,0.46745562130177515,3
3,20727 – LUNCH BAG  BLACK SKULL. → 23209 – LUNCH BAG VINTAGE DOILY  → 85099B – JUMBO BAG RED RETROSPOT,79,0.03571428571428571,0.46745562130177515,3
3,22423 – REGENCY CAKESTAND 3 TIER → 47566 – PARTY BUNTING → 47566 – PARTY BUNTING,79,0.03571428571428571,0.4647058823529412,2
3,22384 – LUNCH BAG PINK POLKADOT → 20728 – LUNCH BAG CARS BLUE → 85099B – JUMBO BAG RED RETROSPOT,79,0.03571428571428571,0.4619883040935672,3
3,22382 – LUNCH BAG SPACEBOY DESIGN  → 20727 – LUNCH BAG  BLACK SKULL. → 20728 – LUNCH BAG CARS BLUE,79,0.03571428571428571,0.45664739884393063,3
3,22382 – LUNCH BAG SPACEBOY DESIGN  → 20727 – LUNCH BAG  BLACK SKULL. → 23209 – LUNCH BAG VINTAGE DOILY ,79,0.03571428571428571,0.45664739884393063,3
3,20727 – LUNCH BAG  BLACK SKULL. → 22384 – LUNCH BAG PINK POLKADOT → 85099B – JUMBO BAG RED RETROSPOT,79,0.03571428571428571,0.45664739884393063,3
3,22384 – LUNCH BAG PINK POLKADOT → 20727 – LUNCH BAG  BLACK SKULL. → 85099B – JUMBO BAG RED RETROSPOT,79,0.03571428571428571,0.4438202247191011,3
3,20725 – LUNCH BAG RED RETROSPOT → 85099B – JUMBO BAG RED RETROSPOT → 20728 – LUNCH BAG CARS BLUE,79,0.03571428571428571,0.40512820512820513,3
3,22384 – LUNCH BAG PINK POLKADOT → 22384 – LUNCH BAG PINK POLKADOT → 23203 – JUMBO BAG VINTAGE DOILY ,79,0.03571428571428571,0.4030612244897959,2
3,23209 – LUNCH BAG VINTAGE DOILY  → 23209 – LUNCH BAG VINTAGE DOILY  → 22384 – LUNCH BAG PINK POLKADOT,79,0.03571428571428571,0.38349514563106796,2
3,85123A – CREAM HANGING HEART T-LIGHT HOLDER → 85123A – CREAM HANGING HEART T-LIGHT HOLDER → 22382 – LUNCH BAG SPACEBOY DESIGN ,79,0.03571428571428571,0.1941031941031941,2
3,85099B – JUMBO BAG RED RETROSPOT → 22383 – LUNCH BAG SUKI DESIGN  → 22384 – LUNCH BAG PINK POLKADOT,78,0.0352622061482821,0.5652173913043478,3
3,22383 – LUNCH BAG SUKI DESIGN  → 23203 – JUMBO BAG VINTAGE DOILY  → 22383 – LUNCH BAG SUKI DESIGN ,78,0.0352622061482821,0.5611510791366906,2
3,22383 – LUNCH BAG SUKI DESIGN  → 23203 – JUMBO BAG VINTAGE DOILY  → 20725 – LUNCH BAG RED RETROSPOT,78,0.0352622061482821,0.5611510791366906,3
3,22382 – LUNCH BAG SPACEBOY DESIGN  → 23203 – JUMBO BAG VINTAGE DOILY  → 20725 – LUNCH BAG RED RETROSPOT,78,0.0352622061482821,0.5611510791366906,3
3,85123A – CREAM HANGING HEART T-LIGHT HOLDER → 22720 – SET OF 3 CAKE TINS PANTRY DESIGN  → 85123A – CREAM HANGING HEART T-LIGHT HOLDER,78,0.0352622061482821,0.5531914893617021,2
3,85099B – JUMBO BAG RED RETROSPOT → 22382 – LUNCH BAG SPACEBOY DESIGN  → 23209 – LUNCH BAG VINTAGE DOILY ,78,0.0352622061482821,0.5342465753424658,3
3,22383 – LUNCH BAG SUKI DESIGN  → 85099B – JUMBO BAG RED RETROSPOT → 22383 – LUNCH BAG SUKI DESIGN ,78,0.0352622061482821,0.5306122448979592,2
3,23209 – LUNCH BAG VINTAGE DOILY  → 85099B – JUMBO BAG RED RETROSPOT → 23209 – LUNCH BAG VINTAGE DOILY ,78,0.0352622061482821,0.5234899328859061,2
3,23209 – LUNCH BAG VINTAGE DOILY  → 22382 – LUNCH BAG SPACEBOY DESIGN  → 23209 – LUNCH BAG VINTAGE DOILY ,78,0.0352622061482821,0.52,2
3,47566 – PARTY BUNTING → 22423 – REGENCY CAKESTAND 3 TIER → 22423 – REGENCY CAKESTAND 3 TIER,78,0.0352622061482821,0.49056603773584906,2
3,22382 – LUNCH BAG SPACEBOY DESIGN  → 20728 – LUNCH BAG CARS BLUE → 22384 – LUNCH BAG PINK POLKADOT,78,0.0352622061482821,0.484472049689441,3
3,85099B – JUMBO BAG RED RETROSPOT → 20727 – LUNCH BAG  BLACK SKULL. → 22384 – LUNCH BAG PINK POLKADOT,78,0.0352622061482821,0.48148148148148145,3
3,20728 – LUNCH BAG CARS BLUE → 85099B – JUMBO BAG RED RETROSPOT → 22384 – LUNCH BAG PINK POLKADOT,78,0.0352622061482821,0.46706586826347307,3
3,22384 – LUNCH BAG PINK POLKADOT → 85099B – JUMBO BAG RED RETROSPOT → 23209 – LUNCH BAG VINTAGE DOILY ,78,0.0352622061482821,0.46706586826347307,3
3,22423 – REGENCY CAKESTAND 3 TIER → 47566 – PARTY BUNTING → 22423 – REGENCY CAKESTAND 3 TIER,78,0.0352622061482821,0.4588235294117647,2
3,22384 – LUNCH BAG PINK POLKADOT → 23209 – LUNCH BAG VINTAGE DOILY  → 85099B – JUMBO BAG RED RETROSPOT,78,0.0352622061482821,0.45614035087719296,3
3,22384 – LUNCH BAG PINK POLKADOT → 23209 – LUNCH BAG VINTAGE DOILY  → 20728 – LUNCH BAG CARS BLUE,78,0.0352622061482821,0.45614035087719296,3
3,22382 – LUNCH BAG SPACEBOY DESIGN  → 20727 – LUNCH BAG  BLACK SKULL. → 22384 – LUNCH BAG PINK POLKADOT,78,0.0352622061482821,0.4508670520231214,3
3,22383 – LUNCH BAG SUKI DESIGN  → 22382 – LUNCH BAG SPACEBOY DESIGN  → 20728 – LUNCH BAG CARS BLUE,78,0.0352622061482821,0.42857142857142855,3
3,20728 – LUNCH BAG CARS BLUE → 22383 – LUNCH BAG SUKI DESIGN  → 85099B – JUMBO BAG RED RETROSPOT,78,0.0352622061482821,0.4126984126984127,3
3,22469 – HEART OF WICKER SMALL → 22469 – HEART OF WICKER SMALL → 85123A – CREAM HANGING HEART T-LIGHT HOLDER,78,0.0352622061482821,0.3880597014925373,2
3,22423 – REGENCY CAKESTAND 3 TIER → 23245 – SET OF 3 REGENCY CAKE TINS → 23245 – SET OF 3 REGENCY CAKE TINS,78,0.0352622061482821,0.3786407766990291,2
3,47566 – PARTY BUNTING → 47566 – PARTY BUNTING → 22423 – REGENCY CAKESTAND 3 TIER,78,0.0352622061482821,0.2785714285714286,2
3,85099B – JUMBO BAG RED RETROSPOT → 85099B – JUMBO BAG RED RETROSPOT → 85123A – CREAM HANGING HEART T-LIGHT HOLDER,78,0.0352622061482821,0.25,2
3,22720 – SET OF 3 CAKE TINS PANTRY DESIGN  → 22993 – SET OF 4 PANTRY JELLY MOULDS → 22993 – SET OF 4 PANTRY JELLY MOULDS,77,0.03481012658227848,0.5968992248062015,2
3,85123A – CREAM HANGING HEART T-LIGHT HOLDER → 22383 – LUNCH BAG SUKI DESIGN  → 22383 – LUNCH BAG SUKI DESIGN ,77,0.03481012658227848,0.5877862595419847,2
3,23203 – JUMBO BAG VINTAGE DOILY  → 20725 – LUNCH BAG RED RETROSPOT → 85099B – JUMBO BAG RED RETROSPOT,77,0.03481012658227848,0.5703703703703704,3
3,85123A – CREAM HANGING HEART T-LIGHT HOLDER → 20728 – LUNCH BAG CARS BLUE → 20725 – LUNCH BAG RED RETROSPOT,77,0.03481012658227848,0.5620437956204379,3
3,22383 – LUNCH BAG SUKI DESIGN  → 23203 – JUMBO BAG VINTAGE DOILY  → 23209 – LUNCH BAG VINTAGE DOILY ,77,0.03481012658227848,0.5539568345323741,3
3,22699 – ROSES REGENCY TEACUP AND SAUCER  → 22699 – ROSES REGENCY TEACUP AND SAUCER  → 22423 – REGENCY CAKESTAND 3 TIER,77,0.03481012658227848,0.5384615384615384,2
3,20728 – LUNCH BAG CARS BLUE → 23203 – JUMBO BAG VINTAGE DOILY  → 20727 – LUNCH BAG  BLACK SKULL.,77,0.03481012658227848,0.5384615384615384,3
3,85099B – JUMBO BAG RED RETROSPOT → 22382 – LUNCH BAG SPACEBOY DESIGN  → 22383 – LUNCH BAG SUKI DESIGN ,77,0.03481012658227848,0.5273972602739726,3
3,22383 – LUNCH BAG SUKI DESIGN  → 85099B – JUMBO BAG RED RETROSPOT → 20727 – LUNCH BAG  BLACK SKULL.,77,0.03481012658227848,0.5238095238095238,3
3,22384 – LUNCH BAG PINK POLKADOT → 23203 – JUMBO BAG VINTAGE DOILY  → 23209 – LUNCH BAG VINTAGE DOILY ,77,0.03481012658227848,0.5238095238095238,3
3,22384 – LUNCH BAG PINK POLKADOT → 23203 – JUMBO BAG VINTAGE DOILY  → 20727 – LUNCH BAG  BLACK SKULL.,77,0.03481012658227848,0.5238095238095238,3
3,82482 – WOODEN PICTURE FRAME WHITE FINISH → 85123A – CREAM HANGING HEART T-LIGHT HOLDER → 82482 – WOODEN PICTURE FRAME WHITE FINISH,77,0.03481012658227848,0.5099337748344371,2
3,22382 – LUNCH BAG SPACEBOY DESIGN  → 23209 – LUNCH BAG VINTAGE DOILY  → 85099B – JUMBO BAG RED RETROSPOT,77,0.03481012658227848,0.4502923976608187,3
3,20728 – LUNCH BAG CARS BLUE → 22384 – LUNCH BAG PINK POLKADOT → 23203 – JUMBO BAG VINTAGE DOILY ,77,0.03481012658227848,0.4207650273224044,3
3,22383 – LUNCH BAG SUKI DESIGN  → 20727 – LUNCH BAG  BLACK SKULL. → 85099B – JUMBO BAG RED RETROSPOT,77,0.03481012658227848,0.4074074074074074,3
3,23209 – LUNCH BAG VINTAGE DOILY  → 23209 – LUNCH BAG VINTAGE DOILY  → 20728 – LUNCH BAG CARS BLUE,77,0.03481012658227848,0.3737864077669903,2
3,22423 – REGENCY CAKESTAND 3 TIER → 22423 – REGENCY CAKESTAND 3 TIER → 47566 – PARTY BUNTING,77,0.03481012658227848,0.23333333333333334,2
3,85099B – JUMBO BAG RED RETROSPOT → 23298 – SPOTTY BUNTING → 85099B – JUMBO BAG RED RETROSPOT,76,0.034358047016274866,0.6333333333333333,2
3,85123A – CREAM HANGING HEART T-LIGHT HOLDER → 20727 – LUNCH BAG  BLACK SKULL. → 85123A – CREAM HANGING HEART T-LIGHT HOLDER,76,0.034358047016274866,0.562962962962963,2
3,47566 – PARTY BUNTING → 85099B – JUMBO BAG RED RETROSPOT → 85099B – JUMBO BAG RED RETROSPOT,76,0.034358047016274866,0.5507246376811594,2
3,22383 – LUNCH BAG SUKI DESIGN  → 23203 – JUMBO BAG VINTAGE DOILY  → 20727 – LUNCH BAG  BLACK SKULL.,76,0.034358047016274866,0.5467625899280576,3
3,22382 – LUNCH BAG SPACEBOY DESIGN  → 23203 – JUMBO BAG VINTAGE DOILY  → 23209 – LUNCH BAG VINTAGE DOILY ,76,0.034358047016274866,0.5467625899280576,3
3,22382 – LUNCH BAG SPACEBOY DESIGN  → 85099B – JUMBO BAG RED RETROSPOT → 23209 – LUNCH BAG VINTAGE DOILY ,76,0.034358047016274866,0.5390070921985816,3
3,22382 – LUNCH BAG SPACEBOY DESIGN  → 85099B – JUMBO BAG RED RETROSPOT → 22382 – LUNCH BAG SPACEBOY DESIGN ,76,0.034358047016274866,0.5390070921985816,2
3,22382 – LUNCH BAG SPACEBOY DESIGN  → 20728 – LUNCH BAG CARS BLUE → 85099B – JUMBO BAG RED RETROSPOT,76,0.034358047016274866,0.4720496894409938,3
3,22383 – LUNCH BAG SUKI DESIGN  → 22384 – LUNCH BAG PINK POLKADOT → 23203 – JUMBO BAG VINTAGE DOILY ,76,0.034358047016274866,0.4550898203592814,3
3,20728 – LUNCH BAG CARS BLUE → 85099B – JUMBO BAG RED RETROSPOT → 22383 – LUNCH BAG SUKI DESIGN ,76,0.034358047016274866,0.4550898203592814,3
3,22384 – LUNCH BAG PINK POLKADOT → 85099B – JUMBO BAG RED RETROSPOT → 20728 – LUNCH BAG CARS BLUE,76,0.034358047016274866,0.4550898203592814,3
3,22384 – LUNCH BAG PINK POLKADOT → 22383 – LUNCH BAG SUKI DESIGN  → 22382 – LUNCH BAG SPACEBOY DESIGN ,76,0.034358047016274866,0.4523809523809524,3
3,20727 – LUNCH BAG  BLACK SKULL. → 22382 – LUNCH BAG SPACEBOY DESIGN  → 20728 – LUNCH BAG CARS BLUE,76,0.034358047016274866,0.44970414201183434,3
3,20725 – LUNCH BAG RED RETROSPOT → 23203 – JUMBO BAG VINTAGE DOILY  → 22384 – LUNCH BAG PINK POLKADOT,76,0.034358047016274866,0.4444444444444444,3
3,20725 – LUNCH BAG RED RETROSPOT → 23203 – JUMBO BAG VINTAGE DOILY  → 22383 – LUNCH BAG SUKI DESIGN ,76,0.034358047016274866,0.4444444444444444,3
3,20725 – LUNCH BAG RED RETROSPOT → 23203 – JUMBO BAG VINTAGE DOILY  → 20728 – LUNCH BAG CARS BLUE,76,0.034358047016274866,0.4444444444444444,3
3,20727 – LUNCH BAG  BLACK SKULL. → 22384 – LUNCH BAG PINK POLKADOT → 23203 – JUMBO BAG VINTAGE DOILY ,76,0.034358047016274866,0.4393063583815029,3
3,22384 – LUNCH BAG PINK POLKADOT → 20727 – LUNCH BAG  BLACK SKULL. → 22382 – LUNCH BAG SPACEBOY DESIGN ,76,0.034358047016274866,0.42696629213483145,3
3,22382 – LUNCH BAG SPACEBOY DESIGN  → 22383 – LUNCH BAG SUKI DESIGN  → 85099B – JUMBO BAG RED RETROSPOT,76,0.034358047016274866,0.4175824175824176,3
3,20728 – LUNCH BAG CARS BLUE → 20727 – LUNCH BAG  BLACK SKULL. → 85099B – JUMBO BAG RED RETROSPOT,76,0.034358047016274866,0.40425531914893614,3
3,22382 – LUNCH BAG SPACEBOY DESIGN  → 22382 – LUNCH BAG SPACEBOY DESIGN  → 20728 – LUNCH BAG CARS BLUE,76,0.034358047016274866,0.3838383838383838,2
3,85099B – JUMBO BAG RED RETROSPOT → 22383 – LUNCH BAG SUKI DESIGN  → 20728 – LUNCH BAG CARS BLUE,75,0.033905967450271246,0.5434782608695652,3
3,22382 – LUNCH BAG SPACEBOY DESIGN  → 85099B – JUMBO BAG RED RETROSPOT → 20727 – LUNCH BAG  BLACK SKULL.,75,0.033905967450271246,0.5319148936170213,3
3,85099B – JUMBO BAG RED RETROSPOT → 22382 – LUNCH BAG SPACEBOY DESIGN  → 22384 – LUNCH BAG PINK POLKADOT,75,0.033905967450271246,0.5136986301369864,3
3,85099B – JUMBO BAG RED RETROSPOT → 85123A – CREAM HANGING HEART T-LIGHT HOLDER → 85123A – CREAM HANGING HEART T-LIGHT HOLDER,75,0.033905967450271246,0.5102040816326531,2
3,22470 – HEART OF WICKER LARGE → 22470 – HEART OF WICKER LARGE → 85123A – CREAM HANGING HEART T-LIGHT HOLDER,75,0.033905967450271246,0.4601226993865031,2
3,85099B – JUMBO BAG RED RETROSPOT → 23209 – LUNCH BAG VINTAGE DOILY  → 22384 – LUNCH BAG PINK POLKADOT,75,0.033905967450271246,0.45180722891566266,3
3,23209 – LUNCH BAG VINTAGE DOILY  → 20725 – LUNCH BAG RED RETROSPOT → 85099B – JUMBO BAG RED RETROSPOT,75,0.033905967450271246,0.4491017964071856,3
3,23209 – LUNCH BAG VINTAGE DOILY  → 20725 – LUNCH BAG RED RETROSPOT → 20727 – LUNCH BAG  BLACK SKULL.,75,0.033905967450271246,0.4491017964071856,3
3,20727 – LUNCH BAG  BLACK SKULL. → 20728 – LUNCH BAG CARS BLUE → 85099B – JUMBO BAG RED RETROSPOT,75,0.033905967450271246,0.43352601156069365,3
3,20728 – LUNCH BAG CARS BLUE → 22382 – LUNCH BAG SPACEBOY DESIGN  → 85099B – JUMBO BAG RED RETROSPOT,75,0.033905967450271246,0.42613636363636365,3
3,20725 – LUNCH BAG RED RETROSPOT → 20728 – LUNCH BAG CARS BLUE → 23203 – JUMBO BAG VINTAGE DOILY ,75,0.033905967450271246,0.3865979381443299,3
3,85099B – JUMBO BAG RED RETROSPOT → 23203 – JUMBO BAG VINTAGE DOILY  → 20728 – LUNCH BAG CARS BLUE,75,0.033905967450271246,0.3177966101694915,3
3,47566 – PARTY BUNTING → 47566 – PARTY BUNTING → 85099B – JUMBO BAG RED RETROSPOT,75,0.033905967450271246,0.26785714285714285,2
3,47566 – PARTY BUNTING → 47566 – PARTY BUNTING → 23355 – HOT WATER BOTTLE KEEP CALM,75,0.033905967450271246,0.26785714285714285,2
3,22423 – REGENCY CAKESTAND 3 TIER → 22423 – REGENCY CAKESTAND 3 TIER → 23084 – RABBIT NIGHT LIGHT,75,0.033905967450271246,0.22727272727272727,2
3,22423 – REGENCY CAKESTAND 3 TIER → 20725 – LUNCH BAG RED RETROSPOT → 20725 – LUNCH BAG RED RETROSPOT,74,0.03345388788426763,0.6379310344827587,2
3,23209 – LUNCH BAG VINTAGE DOILY  → 22384 – LUNCH BAG PINK POLKADOT → 23209 – LUNCH BAG VINTAGE DOILY ,74,0.03345388788426763,0.5967741935483871,2
3,85123A – CREAM HANGING HEART T-LIGHT HOLDER → 22384 – LUNCH BAG PINK POLKADOT → 85123A – CREAM HANGING HEART T-LIGHT HOLDER,74,0.03345388788426763,0.5826771653543307,2
3,21212 – PACK OF 72 RETROSPOT CAKE CASES → 23203 – JUMBO BAG VINTAGE DOILY  → 23203 – JUMBO BAG VINTAGE DOILY ,74,0.03345388788426763,0.5648854961832062,2
3,21212 – PACK OF 72 RETROSPOT CAKE CASES → 23298 – SPOTTY BUNTING → 23298 – SPOTTY BUNTING,74,0.03345388788426763,0.5441176470588235,2
3,85123A – CREAM HANGING HEART T-LIGHT HOLDER → 20728 – LUNCH BAG CARS BLUE → 20727 – LUNCH BAG  BLACK SKULL.,74,0.03345388788426763,0.5401459854014599,3
3,85123A – CREAM HANGING HEART T-LIGHT HOLDER → 20728 – LUNCH BAG CARS BLUE → 20728 – LUNCH BAG CARS BLUE,74,0.03345388788426763,0.5401459854014599,2
3,85099B – JUMBO BAG RED RETROSPOT → 22383 – LUNCH BAG SUKI DESIGN  → 23209 – LUNCH BAG VINTAGE DOILY ,74,0.03345388788426763,0.5362318840579711,3
3,22139 – RETROSPOT TEA SET CERAMIC 11 PC  → 22139 – RETROSPOT TEA SET CERAMIC 11 PC  → 22139 – RETROSPOT TEA SET CERAMIC 11 PC ,74,0.03345388788426763,0.5362318840579711,1
3,85123A – CREAM HANGING HEART T-LIGHT HOLDER → 20725 – LUNCH BAG RED RETROSPOT → 20727 – LUNCH BAG  BLACK SKULL.,74,0.03345388788426763,0.524822695035461,3
3,22699 – ROSES REGENCY TEACUP AND SAUCER  → 22699 – ROSES REGENCY TEACUP AND SAUCER  → 22699 – ROSES REGENCY TEACUP AND SAUCER ,74,0.03345388788426763,0.5174825174825175,1
3,20727 – LUNCH BAG  BLACK SKULL. → 85099B – JUMBO BAG RED RETROSPOT → 22384 – LUNCH BAG PINK POLKADOT,74,0.03345388788426763,0.46835443037974683,3
3,85123A – CREAM HANGING HEART T-LIGHT HOLDER → 85099B – JUMBO BAG RED RETROSPOT → 23203 – JUMBO BAG VINTAGE DOILY ,74,0.03345388788426763,0.4567901234567901,3
3,22383 – LUNCH BAG SUKI DESIGN  → 23209 – LUNCH BAG VINTAGE DOILY  → 85099B – JUMBO BAG RED RETROSPOT,74,0.03345388788426763,0.45121951219512196,3
3,22423 – REGENCY CAKESTAND 3 TIER → 22699 – ROSES REGENCY TEACUP AND SAUCER  → 23245 – SET OF 3 REGENCY CAKE TINS,74,0.03345388788426763,0.4484848484848485,3
3,85099B – JUMBO BAG RED RETROSPOT → 23209 – LUNCH BAG VINTAGE DOILY  → 22383 – LUNCH BAG SUKI DESIGN ,74,0.03345388788426763,0.4457831325301205,3
3,22384 – LUNCH BAG PINK POLKADOT → 22383 – LUNCH BAG SUKI DESIGN  → 23209 – LUNCH BAG VINTAGE DOILY ,74,0.03345388788426763,0.44047619047619047,3
3,22384 – LUNCH BAG PINK POLKADOT → 22382 – LUNCH BAG SPACEBOY DESIGN  → 22382 – LUNCH BAG SPACEBOY DESIGN ,74,0.03345388788426763,0.43023255813953487,2
3,22383 – LUNCH BAG SUKI DESIGN  → 20728 – LUNCH BAG CARS BLUE → 85099B – JUMBO BAG RED RETROSPOT,74,0.03345388788426763,0.42045454545454547,3
3,22383 – LUNCH BAG SUKI DESIGN  → 20727 – LUNCH BAG  BLACK SKULL. → 23203 – JUMBO BAG VINTAGE DOILY ,74,0.03345388788426763,0.3915343915343915,3
3,20728 – LUNCH BAG CARS BLUE → 22383 – LUNCH BAG SUKI DESIGN  → 23203 – JUMBO BAG VINTAGE DOILY ,74,0.03345388788426763,0.3915343915343915,3
3,23203 – JUMBO BAG VINTAGE DOILY  → 23203 – JUMBO BAG VINTAGE DOILY  → 20727 – LUNCH BAG  BLACK SKULL.,74,0.03345388788426763,0.31896551724137934,2
3,85099B – JUMBO BAG RED RETROSPOT → 23203 – JUMBO BAG VINTAGE DOILY  → 22383 – LUNCH BAG SUKI DESIGN ,74,0.03345388788426763,0.3135593220338983,3
3,20725 – LUNCH BAG RED RETROSPOT → 20725 – LUNCH BAG RED RETROSPOT → 22086 – PAPER CHAIN KIT 50'S CHRISTMAS ,74,0.03345388788426763,0.26811594202898553,2
3,85099B – JUMBO BAG RED RETROSPOT → 85099B – JUMBO BAG RED RETROSPOT → 22086 – PAPER CHAIN KIT 50'S CHRISTMAS ,74,0.03345388788426763,0.23717948717948717,2
3,85099B – JUMBO BAG RED RETROSPOT → 23298 – SPOTTY BUNTING → 23203 – JUMBO BAG VINTAGE DOILY ,73,0.03300180831826401,0.6083333333333333,3
3,23209 – LUNCH BAG VINTAGE DOILY  → 22384 – LUNCH BAG PINK POLKADOT → 20725 – LUNCH BAG RED RETROSPOT,73,0.03300180831826401,0.5887096774193549,3
3,85123A – CREAM HANGING HEART T-LIGHT HOLDER → 23209 – LUNCH BAG VINTAGE DOILY  → 23209 – LUNCH BAG VINTAGE DOILY ,73,0.03300180831826401,0.5748031496062992,2
3,85099B – JUMBO BAG RED RETROSPOT → 22383 – LUNCH BAG SUKI DESIGN  → 22382 – LUNCH BAG SPACEBOY DESIGN ,73,0.03300180831826401,0.5289855072463768,3
3,22382 – LUNCH BAG SPACEBOY DESIGN  → 23203 – JUMBO BAG VINTAGE DOILY  → 20727 – LUNCH BAG  BLACK SKULL.,73,0.03300180831826401,0.5251798561151079,3
3,84879 – ASSORTED COLOUR BIRD ORNAMENT → 85123A – CREAM HANGING HEART T-LIGHT HOLDER → 85123A – CREAM HANGING HEART T-LIGHT HOLDER,73,0.03300180831826401,0.5214285714285715,2
3,85099B – JUMBO BAG RED RETROSPOT → 20728 – LUNCH BAG CARS BLUE → 22382 – LUNCH BAG SPACEBOY DESIGN ,73,0.03300180831826401,0.5069444444444444,3
3,23209 – LUNCH BAG VINTAGE DOILY  → 20727 – LUNCH BAG  BLACK SKULL. → 20725 – LUNCH BAG RED RETROSPOT,73,0.03300180831826401,0.4899328859060403,3
3,23209 – LUNCH BAG VINTAGE DOILY  → 22382 – LUNCH BAG SPACEBOY DESIGN  → 20725 – LUNCH BAG RED RETROSPOT,73,0.03300180831826401,0.4866666666666667,3
3,21212 – PACK OF 72 RETROSPOT CAKE CASES → 85099B – JUMBO BAG RED RETROSPOT → 23203 – JUMBO BAG VINTAGE DOILY ,73,0.03300180831826401,0.48344370860927155,3
3,22382 – LUNCH BAG SPACEBOY DESIGN  → 22384 – LUNCH BAG PINK POLKADOT → 23203 – JUMBO BAG VINTAGE DOILY ,73,0.03300180831826401,0.4591194968553459,3
3,85099B – JUMBO BAG RED RETROSPOT → 20727 – LUNCH BAG  BLACK SKULL. → 22382 – LUNCH BAG SPACEBOY DESIGN ,73,0.03300180831826401,0.4506172839506173,3
3,85099B – JUMBO BAG RED RETROSPOT → 20727 – LUNCH BAG  BLACK SKULL. → 23209 – LUNCH BAG VINTAGE DOILY ,73,0.03300180831826401,0.4506172839506173,3
3,85099B – JUMBO BAG RED RETROSPOT → 23209 – LUNCH BAG VINTAGE DOILY  → 20728 – LUNCH BAG CARS BLUE,73,0.03300180831826401,0.4397590361445783,3
3,85123A – CREAM HANGING HEART T-LIGHT HOLDER → 22470 – HEART OF WICKER LARGE → 22470 – HEART OF WICKER LARGE,73,0.03300180831826401,0.43452380952380953,2
3,22469 – HEART OF WICKER SMALL → 85123A – CREAM HANGING HEART T-LIGHT HOLDER → 22469 – HEART OF WICKER SMALL,73,0.03300180831826401,0.4294117647058823,2
3,22382 – LUNCH BAG SPACEBOY DESIGN  → 23209 – LUNCH BAG VINTAGE DOILY  → 20728 – LUNCH BAG CARS BLUE,73,0.03300180831826401,0.4269005847953216,3
3,22384 – LUNCH BAG PINK POLKADOT → 22382 – LUNCH BAG SPACEBOY DESIGN  → 20728 – LUNCH BAG CARS BLUE,73,0.03300180831826401,0.42441860465116277,3
3,22382 – LUNCH BAG SPACEBOY DESIGN  → 20727 – LUNCH BAG  BLACK SKULL. → 85099B – JUMBO BAG RED RETROSPOT,73,0.03300180831826401,0.42196531791907516,3
3,22384 – LUNCH BAG PINK POLKADOT → 20727 – LUNCH BAG  BLACK SKULL. → 23203 – JUMBO BAG VINTAGE DOILY ,73,0.03300180831826401,0.4101123595505618,3
3,82482 – WOODEN PICTURE FRAME WHITE FINISH → 82482 – WOODEN PICTURE FRAME WHITE FINISH → 85123A – CREAM HANGING HEART T-LIGHT HOLDER,73,0.03300180831826401,0.40782122905027934,2
3,22383 – LUNCH BAG SUKI DESIGN  → 22382 – LUNCH BAG SPACEBOY DESIGN  → 85099B – JUMBO BAG RED RETROSPOT,73,0.03300180831826401,0.4010989010989011,3
3,47566 – PARTY BUNTING → 20725 – LUNCH BAG RED RETROSPOT → 20725 – LUNCH BAG RED RETROSPOT,72,0.0325497287522604,0.5853658536585366,2
3,22720 – SET OF 3 CAKE TINS PANTRY DESIGN  → 22993 – SET OF 4 PANTRY JELLY MOULDS → 22720 – SET OF 3 CAKE TINS PANTRY DESIGN ,72,0.0325497287522604,0.5581395348837209,2
3,85123A – CREAM HANGING HEART T-LIGHT HOLDER → 22383 – LUNCH BAG SUKI DESIGN  → 20725 – LUNCH BAG RED RETROSPOT,72,0.0325497287522604,0.549618320610687,3
3,85123A – CREAM HANGING HEART T-LIGHT HOLDER → 23203 – JUMBO BAG VINTAGE DOILY  → 23203 – JUMBO BAG VINTAGE DOILY ,72,0.0325497287522604,0.5454545454545454,2
3,85123A – CREAM HANGING HEART T-LIGHT HOLDER → 20727 – LUNCH BAG  BLACK SKULL. → 20727 – LUNCH BAG  BLACK SKULL.,72,0.0325497287522604,0.5333333333333333,2
3,22382 – LUNCH BAG SPACEBOY DESIGN  → 23203 – JUMBO BAG VINTAGE DOILY  → 22382 – LUNCH BAG SPACEBOY DESIGN ,72,0.0325497287522604,0.5179856115107914,2
3,85123A – CREAM HANGING HEART T-LIGHT HOLDER → 22720 – SET OF 3 CAKE TINS PANTRY DESIGN  → 22720 – SET OF 3 CAKE TINS PANTRY DESIGN ,72,0.0325497287522604,0.5106382978723404,2
3,20728 – LUNCH BAG CARS BLUE → 23203 – JUMBO BAG VINTAGE DOILY  → 22383 – LUNCH BAG SUKI DESIGN ,72,0.0325497287522604,0.5034965034965035,3
3,85099B – JUMBO BAG RED RETROSPOT → 85123A – CREAM HANGING HEART T-LIGHT HOLDER → 23203 – JUMBO BAG VINTAGE DOILY ,72,0.0325497287522604,0.4897959183673469,3
3,22384 – LUNCH BAG PINK POLKADOT → 23203 – JUMBO BAG VINTAGE DOILY  → 22384 – LUNCH BAG PINK POLKADOT,72,0.0325497287522604,0.4897959183673469,2
3,22666 – RECIPE BOX PANTRY YELLOW DESIGN → 22666 – RECIPE BOX PANTRY YELLOW DESIGN → 22666 – RECIPE BOX PANTRY YELLOW DESIGN,72,0.0325497287522604,0.48,1
3,22720 – SET OF 3 CAKE TINS PANTRY DESIGN  → 22423 – REGENCY CAKESTAND 3 TIER → 22423 – REGENCY CAKESTAND 3 TIER,72,0.0325497287522604,0.4645161290322581,2
3,22470 – HEART OF WICKER LARGE → 85123A – CREAM HANGING HEART T-LIGHT HOLDER → 22470 – HEART OF WICKER LARGE,72,0.0325497287522604,0.45569620253164556,2
3,22470 – HEART OF WICKER LARGE → 22470 – HEART OF WICKER LARGE → 22470 – HEART OF WICKER LARGE,72,0.0325497287522604,0.44171779141104295,1
3,85123A – CREAM HANGING HEART T-LIGHT HOLDER → 47566 – PARTY BUNTING → 23298 – SPOTTY BUNTING,72,0.0325497287522604,0.4311377245508982,3
3,22383 – LUNCH BAG SUKI DESIGN  → 20728 – LUNCH BAG CARS BLUE → 23203 – JUMBO BAG VINTAGE DOILY ,72,0.0325497287522604,0.4090909090909091,3
3,21034 – REX CASH+CARRY JUMBO SHOPPER → 21034 – REX CASH+CARRY JUMBO SHOPPER → 21034 – REX CASH+CARRY JUMBO SHOPPER,72,0.0325497287522604,0.4022346368715084,1
3,22382 – LUNCH BAG SPACEBOY DESIGN  → 22383 – LUNCH BAG SUKI DESIGN  → 23203 – JUMBO BAG VINTAGE DOILY ,72,0.0325497287522604,0.3956043956043956,3
3,20727 – LUNCH BAG  BLACK SKULL. → 22383 – LUNCH BAG SUKI DESIGN  → 23203 – JUMBO BAG VINTAGE DOILY ,72,0.0325497287522604,0.39344262295081966,3
3,20727 – LUNCH BAG  BLACK SKULL. → 22383 – LUNCH BAG SUKI DESIGN  → 85099B – JUMBO BAG RED RETROSPOT,72,0.0325497287522604,0.39344262295081966,3
3,22382 – LUNCH BAG SPACEBOY DESIGN  → 22382 – LUNCH BAG SPACEBOY DESIGN  → 23203 – JUMBO BAG VINTAGE DOILY ,72,0.0325497287522604,0.36363636363636365,2
3,22382 – LUNCH BAG SPACEBOY DESIGN  → 22382 – LUNCH BAG SPACEBOY DESIGN  → 85099B – JUMBO BAG RED RETROSPOT,72,0.0325497287522604,0.36363636363636365,2
3,20728 – LUNCH BAG CARS BLUE → 20728 – LUNCH BAG CARS BLUE → 23203 – JUMBO BAG VINTAGE DOILY ,72,0.0325497287522604,0.35121951219512193,2
3,47566 – PARTY BUNTING → 47566 – PARTY BUNTING → 23245 – SET OF 3 REGENCY CAKE TINS,72,0.0325497287522604,0.2571428571428571,2
3,84879 – ASSORTED COLOUR BIRD ORNAMENT → 84879 – ASSORTED COLOUR BIRD ORNAMENT → 85123A – CREAM HANGING HEART T-LIGHT HOLDER,72,0.0325497287522604,0.24742268041237114,2
3,85123A – CREAM HANGING HEART T-LIGHT HOLDER → 85123A – CREAM HANGING HEART T-LIGHT HOLDER → 22384 – LUNCH BAG PINK POLKADOT,72,0.0325497287522604,0.1769041769041769,2
3,22720 – SET OF 3 CAKE TINS PANTRY DESIGN  → 20725 – LUNCH BAG RED RETROSPOT → 20725 – LUNCH BAG RED RETROSPOT,71,0.03209764918625678,0.6513761467889908,2
3,22720 – SET OF 3 CAKE TINS PANTRY DESIGN  → 23203 – JUMBO BAG VINTAGE DOILY  → 23203 – JUMBO BAG VINTAGE DOILY ,71,0.03209764918625678,0.5819672131147541,2
3,85123A – CREAM HANGING HEART T-LIGHT HOLDER → 22384 – LUNCH BAG PINK POLKADOT → 20727 – LUNCH BAG  BLACK SKULL.,71,0.03209764918625678,0.5590551181102362,3
3,85123A – CREAM HANGING HEART T-LIGHT HOLDER → 22384 – LUNCH BAG PINK POLKADOT → 20725 – LUNCH BAG RED RETROSPOT,71,0.03209764918625678,0.5590551181102362,3
3,21212 – PACK OF 72 RETROSPOT CAKE CASES → 47566 – PARTY BUNTING → 47566 – PARTY BUNTING,71,0.03209764918625678,0.5503875968992248,2
3,21212 – PACK OF 72 RETROSPOT CAKE CASES → 23209 – LUNCH BAG VINTAGE DOILY  → 23209 – LUNCH BAG VINTAGE DOILY ,71,0.03209764918625678,0.5461538461538461,2
3,21212 – PACK OF 72 RETROSPOT CAKE CASES → 22423 – REGENCY CAKESTAND 3 TIER → 22423 – REGENCY CAKESTAND 3 TIER,71,0.03209764918625678,0.5419847328244275,2
3,21212 – PACK OF 72 RETROSPOT CAKE CASES → 23203 – JUMBO BAG VINTAGE DOILY  → 85099B – JUMBO BAG RED RETROSPOT,71,0.03209764918625678,0.5419847328244275,3
3,85123A – CREAM HANGING HEART T-LIGHT HOLDER → 22383 – LUNCH BAG SUKI DESIGN  → 20727 – LUNCH BAG  BLACK SKULL.,71,0.03209764918625678,0.5419847328244275,3
3,23209 – LUNCH BAG VINTAGE DOILY  → 22383 – LUNCH BAG SUKI DESIGN  → 23209 – LUNCH BAG VINTAGE DOILY ,71,0.03209764918625678,0.5220588235294118,2
3,84879 – ASSORTED COLOUR BIRD ORNAMENT → 85123A – CREAM HANGING HEART T-LIGHT HOLDER → 84879 – ASSORTED COLOUR BIRD ORNAMENT,71,0.03209764918625678,0.5071428571428571,2
3,85123A – CREAM HANGING HEART T-LIGHT HOLDER → 20725 – LUNCH BAG RED RETROSPOT → 20728 – LUNCH BAG CARS BLUE,71,0.03209764918625678,0.5035460992907801,3
3,22469 – HEART OF WICKER SMALL → 22470 – HEART OF WICKER LARGE → 85123A – CREAM HANGING HEART T-LIGHT HOLDER,71,0.03209764918625678,0.4965034965034965,3
3,22383 – LUNCH BAG SUKI DESIGN  → 85099B – JUMBO BAG RED RETROSPOT → 23209 – LUNCH BAG VINTAGE DOILY ,71,0.03209764918625678,0.48299319727891155,3
3,23209 – LUNCH BAG VINTAGE DOILY  → 20727 – LUNCH BAG  BLACK SKULL. → 23203 – JUMBO BAG VINTAGE DOILY ,71,0.03209764918625678,0.47651006711409394,3
3,23209 – LUNCH BAG VINTAGE DOILY  → 20727 – LUNCH BAG  BLACK SKULL. → 20727 – LUNCH BAG  BLACK SKULL.,71,0.03209764918625678,0.47651006711409394,2
3,23209 – LUNCH BAG VINTAGE DOILY  → 22382 – LUNCH BAG SPACEBOY DESIGN  → 23203 – JUMBO BAG VINTAGE DOILY ,71,0.03209764918625678,0.47333333333333333,3
3,20728 – LUNCH BAG CARS BLUE → 85099B – JUMBO BAG RED RETROSPOT → 22382 – LUNCH BAG SPACEBOY DESIGN ,71,0.03209764918625678,0.4251497005988024,3
3,22384 – LUNCH BAG PINK POLKADOT → 22383 – LUNCH BAG SUKI DESIGN  → 85099B – JUMBO BAG RED RETROSPOT,71,0.03209764918625678,0.4226190476190476,3
3,22382 – LUNCH BAG SPACEBOY DESIGN  → 20727 – LUNCH BAG  BLACK SKULL. → 23203 – JUMBO BAG VINTAGE DOILY ,71,0.03209764918625678,0.41040462427745666,3
3,22383 – LUNCH BAG SUKI DESIGN  → 22382 – LUNCH BAG SPACEBOY DESIGN  → 23203 – JUMBO BAG VINTAGE DOILY ,71,0.03209764918625678,0.3901098901098901,3
3,22961 – JAM MAKING SET PRINTED → 22423 – REGENCY CAKESTAND 3 TIER → 22423 – REGENCY CAKESTAND 3 TIER,70,0.03164556962025317,0.5645161290322581,2
3,23203 – JUMBO BAG VINTAGE DOILY  → 20727 – LUNCH BAG  BLACK SKULL. → 23203 – JUMBO BAG VINTAGE DOILY ,70,0.03164556962025317,0.5645161290322581,2
3,23209 – LUNCH BAG VINTAGE DOILY  → 22384 – LUNCH BAG PINK POLKADOT → 20727 – LUNCH BAG  BLACK SKULL.,70,0.03164556962025317,0.5645161290322581,3
3,22720 – SET OF 3 CAKE TINS PANTRY DESIGN  → 47566 – PARTY BUNTING → 47566 – PARTY BUNTING,70,0.03164556962025317,0.5555555555555556,2
3,23209 – LUNCH BAG VINTAGE DOILY  → 20728 – LUNCH BAG CARS BLUE → 23209 – LUNCH BAG VINTAGE DOILY ,70,0.03164556962025317,0.5343511450381679,2
3,85123A – CREAM HANGING HEART T-LIGHT HOLDER → 20727 – LUNCH BAG  BLACK SKULL. → 20725 – LUNCH BAG RED RETROSPOT,70,0.03164556962025317,0.5185185185185185,3
3,85123A – CREAM HANGING HEART T-LIGHT HOLDER → 20728 – LUNCH BAG CARS BLUE → 22383 – LUNCH BAG SUKI DESIGN ,70,0.03164556962025317,0.5109489051094891,3
3,22720 – SET OF 3 CAKE TINS PANTRY DESIGN  → 23298 – SPOTTY BUNTING → 23298 – SPOTTY BUNTING,70,0.03164556962025317,0.49295774647887325,2
3,20728 – LUNCH BAG CARS BLUE → 23203 – JUMBO BAG VINTAGE DOILY  → 22384 – LUNCH BAG PINK POLKADOT,70,0.03164556962025317,0.48951048951048953,3
3,20728 – LUNCH BAG CARS BLUE → 23203 – JUMBO BAG VINTAGE DOILY  → 20728 – LUNCH BAG CARS BLUE,70,0.03164556962025317,0.48951048951048953,2
3,22470 – HEART OF WICKER LARGE → 22469 – HEART OF WICKER SMALL → 22469 – HEART OF WICKER SMALL,70,0.03164556962025317,0.4827586206896552,2
3,22699 – ROSES REGENCY TEACUP AND SAUCER  → 22423 – REGENCY CAKESTAND 3 TIER → 22699 – ROSES REGENCY TEACUP AND SAUCER ,70,0.03164556962025317,0.4430379746835443,2
3,22384 – LUNCH BAG PINK POLKADOT → 85099B – JUMBO BAG RED RETROSPOT → 22383 – LUNCH BAG SUKI DESIGN ,70,0.03164556962025317,0.41916167664670656,3
3,22384 – LUNCH BAG PINK POLKADOT → 20728 – LUNCH BAG CARS BLUE → 23203 – JUMBO BAG VINTAGE DOILY ,70,0.03164556962025317,0.4093567251461988,3
3,23209 – LUNCH BAG VINTAGE DOILY  → 23203 – JUMBO BAG VINTAGE DOILY  → 22382 – LUNCH BAG SPACEBOY DESIGN ,70,0.03164556962025317,0.3825136612021858,3
3,23203 – JUMBO BAG VINTAGE DOILY  → 23203 – JUMBO BAG VINTAGE DOILY  → 22382 – LUNCH BAG SPACEBOY DESIGN ,70,0.03164556962025317,0.3017241379310345,2
3,20725 – LUNCH BAG RED RETROSPOT → 20725 – LUNCH BAG RED RETROSPOT → 85123A – CREAM HANGING HEART T-LIGHT HOLDER,70,0.03164556962025317,0.2536231884057971,2
3,47566 – PARTY BUNTING → 47566 – PARTY BUNTING → 22086 – PAPER CHAIN KIT 50'S CHRISTMAS ,70,0.03164556962025317,0.25,2
3,23203 – JUMBO BAG VINTAGE DOILY  → 22384 – LUNCH BAG PINK POLKADOT → 23203 – JUMBO BAG VINTAGE DOILY ,69,0.031193490054249547,0.6634615384615384,2
3,85099B – JUMBO BAG RED RETROSPOT → 21212 – PACK OF 72 RETROSPOT CAKE CASES → 85099B – JUMBO BAG RED RETROSPOT,69,0.031193490054249547,0.6160714285714286,2
3,21212 – PACK OF 72 RETROSPOT CAKE CASES → 22993 – SET OF 4 PANTRY JELLY MOULDS → 22993 – SET OF 4 PANTRY JELLY MOULDS,69,0.031193490054249547,0.6106194690265486,2
3,20725 – LUNCH BAG RED RETROSPOT → 85123A – CREAM HANGING HEART T-LIGHT HOLDER → 85123A – CREAM HANGING HEART T-LIGHT HOLDER,69,0.031193490054249547,0.5702479338842975,2
3,22720 – SET OF 3 CAKE TINS PANTRY DESIGN  → 23203 – JUMBO BAG VINTAGE DOILY  → 85099B – JUMBO BAG RED RETROSPOT,69,0.031193490054249547,0.5655737704918032,3
3,85123A – CREAM HANGING HEART T-LIGHT HOLDER → 22382 – LUNCH BAG SPACEBOY DESIGN  → 85123A – CREAM HANGING HEART T-LIGHT HOLDER,69,0.031193490054249547,0.5609756097560976,2
3,85123A – CREAM HANGING HEART T-LIGHT HOLDER → 22382 – LUNCH BAG SPACEBOY DESIGN  → 22383 – LUNCH BAG SUKI DESIGN ,69,0.031193490054249547,0.5609756097560976,3
3,21212 – PACK OF 72 RETROSPOT CAKE CASES → 85123A – CREAM HANGING HEART T-LIGHT HOLDER → 85123A – CREAM HANGING HEART T-LIGHT HOLDER,69,0.031193490054249547,0.5390625,2
3,22720 – SET OF 3 CAKE TINS PANTRY DESIGN  → 85099B – JUMBO BAG RED RETROSPOT → 23203 – JUMBO BAG VINTAGE DOILY ,69,0.031193490054249547,0.5267175572519084,3
3,23209 – LUNCH BAG VINTAGE DOILY  → 20728 – LUNCH BAG CARS BLUE → 20727 – LUNCH BAG  BLACK SKULL.,69,0.031193490054249547,0.5267175572519084,3
3,23209 – LUNCH BAG VINTAGE DOILY  → 22383 – LUNCH BAG SUKI DESIGN  → 22383 – LUNCH BAG SUKI DESIGN ,69,0.031193490054249547,0.5073529411764706,2
3,85123A – CREAM HANGING HEART T-LIGHT HOLDER → 20728 – LUNCH BAG CARS BLUE → 22382 – LUNCH BAG SPACEBOY DESIGN ,69,0.031193490054249547,0.5036496350364964,3
3,47566 – PARTY BUNTING → 85099B – JUMBO BAG RED RETROSPOT → 23203 – JUMBO BAG VINTAGE DOILY ,69,0.031193490054249547,0.5,3
3,47566 – PARTY BUNTING → 23203 – JUMBO BAG VINTAGE DOILY  → 85099B – JUMBO BAG RED RETROSPOT,69,0.031193490054249547,0.5,3
3,22720 – SET OF 3 CAKE TINS PANTRY DESIGN  → 85123A – CREAM HANGING HEART T-LIGHT HOLDER → 22720 – SET OF 3 CAKE TINS PANTRY DESIGN ,69,0.031193490054249547,0.4928571428571429,2
3,85123A – CREAM HANGING HEART T-LIGHT HOLDER → 20725 – LUNCH BAG RED RETROSPOT → 22383 – LUNCH BAG SUKI DESIGN ,69,0.031193490054249547,0.48936170212765956,3
3,22383 – LUNCH BAG SUKI DESIGN  → 85099B – JUMBO BAG RED RETROSPOT → 22384 – LUNCH BAG PINK POLKADOT,69,0.031193490054249547,0.46938775510204084,3
3,20727 – LUNCH BAG  BLACK SKULL. → 85099B – JUMBO BAG RED RETROSPOT → 23209 – LUNCH BAG VINTAGE DOILY ,69,0.031193490054249547,0.43670886075949367,3
3,23209 – LUNCH BAG VINTAGE DOILY  → 20725 – LUNCH BAG RED RETROSPOT → 22382 – LUNCH BAG SPACEBOY DESIGN ,69,0.031193490054249547,0.41317365269461076,3
3,22384 – LUNCH BAG PINK POLKADOT → 22382 – LUNCH BAG SPACEBOY DESIGN  → 85099B – JUMBO BAG RED RETROSPOT,69,0.031193490054249547,0.4011627906976744,3
3,20728 – LUNCH BAG CARS BLUE → 20727 – LUNCH BAG  BLACK SKULL. → 23203 – JUMBO BAG VINTAGE DOILY ,69,0.031193490054249547,0.3670212765957447,3
3,22720 – SET OF 3 CAKE TINS PANTRY DESIGN  → 22720 – SET OF 3 CAKE TINS PANTRY DESIGN  → 85123A – CREAM HANGING HEART T-LIGHT HOLDER,69,0.031193490054249547,0.30666666666666664,2
3,20725 – LUNCH BAG RED RETROSPOT → 20725 – LUNCH BAG RED RETROSPOT → 23084 – RABBIT NIGHT LIGHT,69,0.031193490054249547,0.25,2
3,20725 – LUNCH BAG RED RETROSPOT → 20725 – LUNCH BAG RED RETROSPOT → 23355 – HOT WATER BOTTLE KEEP CALM,69,0.031193490054249547,0.25,2
3,47566 – PARTY BUNTING → 47566 – PARTY BUNTING → 20725 – LUNCH BAG RED RETROSPOT,69,0.031193490054249547,0.24642857142857144,2
3,85099B – JUMBO BAG RED RETROSPOT → 85099B – JUMBO BAG RED RETROSPOT → 47566 – PARTY BUNTING,69,0.031193490054249547,0.22115384615384615,2
3,21080 – SET/20 RED RETROSPOT PAPER NAPKINS  → 85099B – JUMBO BAG RED RETROSPOT → 85099B – JUMBO BAG RED RETROSPOT,68,0.03074141048824593,0.6476190476190476,2
3,22993 – SET OF 4 PANTRY JELLY MOULDS → 23209 – LUNCH BAG VINTAGE DOILY  → 23209 – LUNCH BAG VINTAGE DOILY ,68,0.03074141048824593,0.6181818181818182,2
3,85099B – JUMBO BAG RED RETROSPOT → 47566 – PARTY BUNTING → 23203 – JUMBO BAG VINTAGE DOILY ,68,0.03074141048824593,0.5862068965517241,3
3,20725 – LUNCH BAG RED RETROSPOT → 47566 – PARTY BUNTING → 20725 – LUNCH BAG RED RETROSPOT,68,0.03074141048824593,0.576271186440678,2
3,22961 – JAM MAKING SET PRINTED → 22993 – SET OF 4 PANTRY JELLY MOULDS → 22993 – SET OF 4 PANTRY JELLY MOULDS,68,0.03074141048824593,0.5714285714285714,2
3,47566 – PARTY BUNTING → 23209 – LUNCH BAG VINTAGE DOILY  → 23209 – LUNCH BAG VINTAGE DOILY ,68,0.03074141048824593,0.5619834710743802,2
3,20725 – LUNCH BAG RED RETROSPOT → 85123A – CREAM HANGING HEART T-LIGHT HOLDER → 20725 – LUNCH BAG RED RETROSPOT,68,0.03074141048824593,0.5619834710743802,2
3,23209 – LUNCH BAG VINTAGE DOILY  → 22384 – LUNCH BAG PINK POLKADOT → 23203 – JUMBO BAG VINTAGE DOILY ,68,0.03074141048824593,0.5483870967741935,3
3,23298 – SPOTTY BUNTING → 23203 – JUMBO BAG VINTAGE DOILY  → 23203 – JUMBO BAG VINTAGE DOILY ,68,0.03074141048824593,0.5354330708661418,2
3,21212 – PACK OF 72 RETROSPOT CAKE CASES → 23209 – LUNCH BAG VINTAGE DOILY  → 23203 – JUMBO BAG VINTAGE DOILY ,68,0.03074141048824593,0.5230769230769231,3
3,22382 – LUNCH BAG SPACEBOY DESIGN  → 85099B – JUMBO BAG RED RETROSPOT → 22384 – LUNCH BAG PINK POLKADOT,68,0.03074141048824593,0.48226950354609927,3
3,85123A – CREAM HANGING HEART T-LIGHT HOLDER → 20725 – LUNCH BAG RED RETROSPOT → 23209 – LUNCH BAG VINTAGE DOILY ,68,0.03074141048824593,0.48226950354609927,3
3,85099B – JUMBO BAG RED RETROSPOT → 22382 – LUNCH BAG SPACEBOY DESIGN  → 20728 – LUNCH BAG CARS BLUE,68,0.03074141048824593,0.4657534246575342,3
3,22383 – LUNCH BAG SUKI DESIGN  → 85099B – JUMBO BAG RED RETROSPOT → 20728 – LUNCH BAG CARS BLUE,68,0.03074141048824593,0.46258503401360546,3
3,23203 – JUMBO BAG VINTAGE DOILY  → 23209 – LUNCH BAG VINTAGE DOILY  → 22382 – LUNCH BAG SPACEBOY DESIGN ,68,0.03074141048824593,0.425,3
3,23203 – JUMBO BAG VINTAGE DOILY  → 23209 – LUNCH BAG VINTAGE DOILY  → 20727 – LUNCH BAG  BLACK SKULL.,68,0.03074141048824593,0.425,3
3,85099B – JUMBO BAG RED RETROSPOT → 20727 – LUNCH BAG  BLACK SKULL. → 22383 – LUNCH BAG SUKI DESIGN ,68,0.03074141048824593,0.41975308641975306,3
3,22384 – LUNCH BAG PINK POLKADOT → 85099B – JUMBO BAG RED RETROSPOT → 22382 – LUNCH BAG SPACEBOY DESIGN ,68,0.03074141048824593,0.40718562874251496,3
3,22384 – LUNCH BAG PINK POLKADOT → 22383 – LUNCH BAG SUKI DESIGN  → 23203 – JUMBO BAG VINTAGE DOILY ,68,0.03074141048824593,0.40476190476190477,3
3,22384 – LUNCH BAG PINK POLKADOT → 22382 – LUNCH BAG SPACEBOY DESIGN  → 23203 – JUMBO BAG VINTAGE DOILY ,68,0.03074141048824593,0.3953488372093023,3
3,20728 – LUNCH BAG CARS BLUE → 22382 – LUNCH BAG SPACEBOY DESIGN  → 23203 – JUMBO BAG VINTAGE DOILY ,68,0.03074141048824593,0.38636363636363635,3
3,23209 – LUNCH BAG VINTAGE DOILY  → 23203 – JUMBO BAG VINTAGE DOILY  → 22383 – LUNCH BAG SUKI DESIGN ,68,0.03074141048824593,0.37158469945355194,3
3,23203 – JUMBO BAG VINTAGE DOILY  → 23203 – JUMBO BAG VINTAGE DOILY  → 22086 – PAPER CHAIN KIT 50'S CHRISTMAS ,68,0.03074141048824593,0.29310344827586204,2
3,20725 – LUNCH BAG RED RETROSPOT → 20725 – LUNCH BAG RED RETROSPOT → 21212 – PACK OF 72 RETROSPOT CAKE CASES,68,0.03074141048824593,0.2463768115942029,2
3,47566 – PARTY BUNTING → 47566 – PARTY BUNTING → 23203 – JUMBO BAG VINTAGE DOILY ,68,0.03074141048824593,0.24285714285714285,2
3,85123A – CREAM HANGING HEART T-LIGHT HOLDER → 85123A – CREAM HANGING HEART T-LIGHT HOLDER → 22457 – NATURAL SLATE HEART CHALKBOARD ,68,0.03074141048824593,0.16707616707616707,2
3,85123A – CREAM HANGING HEART T-LIGHT HOLDER → 21212 – PACK OF 72 RETROSPOT CAKE CASES → 85123A – CREAM HANGING HEART T-LIGHT HOLDER,67,0.030289330922242313,0.5929203539823009,2
3,21080 – SET/20 RED RETROSPOT PAPER NAPKINS  → 20725 – LUNCH BAG RED RETROSPOT → 20725 – LUNCH BAG RED RETROSPOT,67,0.030289330922242313,0.5491803278688525,2
3,47566 – PARTY BUNTING → 84879 – ASSORTED COLOUR BIRD ORNAMENT → 84879 – ASSORTED COLOUR BIRD ORNAMENT,67,0.030289330922242313,0.536,2
3,85123A – CREAM HANGING HEART T-LIGHT HOLDER → 23209 – LUNCH BAG VINTAGE DOILY  → 85123A – CREAM HANGING HEART T-LIGHT HOLDER,67,0.030289330922242313,0.5275590551181102,2
3,85123A – CREAM HANGING HEART T-LIGHT HOLDER → 23209 – LUNCH BAG VINTAGE DOILY  → 20725 – LUNCH BAG RED RETROSPOT,67,0.030289330922242313,0.5275590551181102,3
3,23209 – LUNCH BAG VINTAGE DOILY  → 20728 – LUNCH BAG CARS BLUE → 20725 – LUNCH BAG RED RETROSPOT,67,0.030289330922242313,0.5114503816793893,3
3,85123A – CREAM HANGING HEART T-LIGHT HOLDER → 23203 – JUMBO BAG VINTAGE DOILY  → 85099B – JUMBO BAG RED RETROSPOT,67,0.030289330922242313,0.5075757575757576,3
3,22383 – LUNCH BAG SUKI DESIGN  → 23203 – JUMBO BAG VINTAGE DOILY  → 22382 – LUNCH BAG SPACEBOY DESIGN ,67,0.030289330922242313,0.48201438848920863,3
3,22382 – LUNCH BAG SPACEBOY DESIGN  → 85099B – JUMBO BAG RED RETROSPOT → 22383 – LUNCH BAG SUKI DESIGN ,67,0.030289330922242313,0.475177304964539,3
3,22423 – REGENCY CAKESTAND 3 TIER → 23298 – SPOTTY BUNTING → 23298 – SPOTTY BUNTING,67,0.030289330922242313,0.4589041095890411,2
3,22666 – RECIPE BOX PANTRY YELLOW DESIGN → 22720 – SET OF 3 CAKE TINS PANTRY DESIGN  → 22720 – SET OF 3 CAKE TINS PANTRY DESIGN ,67,0.030289330922242313,0.44966442953020136,2
3,20727 – LUNCH BAG  BLACK SKULL. → 85099B – JUMBO BAG RED RETROSPOT → 20728 – LUNCH BAG CARS BLUE,67,0.030289330922242313,0.4240506329113924,3
3,22470 – HEART OF WICKER LARGE → 85123A – CREAM HANGING HEART T-LIGHT HOLDER → 22469 – HEART OF WICKER SMALL,67,0.030289330922242313,0.4240506329113924,3
3,23209 – LUNCH BAG VINTAGE DOILY  → 20725 – LUNCH BAG RED RETROSPOT → 22383 – LUNCH BAG SUKI DESIGN ,67,0.030289330922242313,0.40119760479041916,3
3,47566 – PARTY BUNTING → 85123A – CREAM HANGING HEART T-LIGHT HOLDER → 47566 – PARTY BUNTING,67,0.030289330922242313,0.39880952380952384,2
3,20725 – LUNCH BAG RED RETROSPOT → 20725 – LUNCH BAG RED RETROSPOT → 23298 – SPOTTY BUNTING,67,0.030289330922242313,0.2427536231884058,2
3,85099B – JUMBO BAG RED RETROSPOT → 85099B – JUMBO BAG RED RETROSPOT → 23084 – RABBIT NIGHT LIGHT,67,0.030289330922242313,0.21474358974358973,2
3,22423 – REGENCY CAKESTAND 3 TIER → 22423 – REGENCY CAKESTAND 3 TIER → 23203 – JUMBO BAG VINTAGE DOILY ,67,0.030289330922242313,0.20303030303030303,2
3,22423 – REGENCY CAKESTAND 3 TIER → 22423 – REGENCY CAKESTAND 3 TIER → 85123A – CREAM HANGING HEART T-LIGHT HOLDER,67,0.030289330922242313,0.20303030303030303,2
3,85123A – CREAM HANGING HEART T-LIGHT HOLDER → 85123A – CREAM HANGING HEART T-LIGHT HOLDER → 23245 – SET OF 3 REGENCY CAKE TINS,67,0.030289330922242313,0.16461916461916462,2
2,85123A – CREAM HANGING HEART T-LIGHT HOLDER → 85123A – CREAM HANGING HEART T-LIGHT HOLDER,407,0.18399638336347196,0.6138763197586727,1
2,22423 – REGENCY CAKESTAND 3 TIER → 22423 – REGENCY CAKESTAND 3 TIER,330,0.1491862567811935,0.4796511627906977,1
2,85099B – JUMBO BAG RED RETROSPOT → 85099B – JUMBO BAG RED RETROSPOT,312,0.1410488245931284,0.5897920604914934,1
2,84879 – ASSORTED COLOUR BIRD ORNAMENT → 84879 – ASSORTED COLOUR BIRD ORNAMENT,291,0.13155515370705245,0.5459662288930581,1
2,47566 – PARTY BUNTING → 47566 – PARTY BUNTING,280,0.12658227848101267,0.49295774647887325,1
2,20725 – LUNCH BAG RED RETROSPOT → 20725 – LUNCH BAG RED RETROSPOT,276,0.12477396021699819,0.5798319327731093,1
2,85099B – JUMBO BAG RED RETROSPOT → 23203 – JUMBO BAG VINTAGE DOILY ,236,0.10669077757685352,0.44612476370510395,2
2,23203 – JUMBO BAG VINTAGE DOILY  → 23203 – JUMBO BAG VINTAGE DOILY ,232,0.10488245931283906,0.5260770975056689,1
2,20727 – LUNCH BAG  BLACK SKULL. → 20727 – LUNCH BAG  BLACK SKULL.,229,0.1035262206148282,0.5571776155717761,1
2,22383 – LUNCH BAG SUKI DESIGN  → 22383 – LUNCH BAG SUKI DESIGN ,226,0.10216998191681737,0.5885416666666666,1
2,22720 – SET OF 3 CAKE TINS PANTRY DESIGN  → 22720 – SET OF 3 CAKE TINS PANTRY DESIGN ,225,0.10171790235081374,0.4368932038834951,1
2,20725 – LUNCH BAG RED RETROSPOT → 23209 – LUNCH BAG VINTAGE DOILY ,213,0.09629294755877034,0.4474789915966387,2
2,20725 – LUNCH BAG RED RETROSPOT → 20727 – LUNCH BAG  BLACK SKULL.,212,0.09584086799276673,0.44537815126050423,2
2,23298 – SPOTTY BUNTING → 23298 – SPOTTY BUNTING,210,0.0949367088607595,0.42424242424242425,1
2,20728 – LUNCH BAG CARS BLUE → 20725 – LUNCH BAG RED RETROSPOT,209,0.09448462929475587,0.5024038461538461,2
2,20727 – LUNCH BAG  BLACK SKULL. → 20725 – LUNCH BAG RED RETROSPOT,208,0.09403254972875226,0.5060827250608273,2
2,20725 – LUNCH BAG RED RETROSPOT → 22382 – LUNCH BAG SPACEBOY DESIGN ,207,0.09358047016274865,0.43487394957983194,2
2,23209 – LUNCH BAG VINTAGE DOILY  → 23209 – LUNCH BAG VINTAGE DOILY ,206,0.09312839059674503,0.5,1
2,20725 – LUNCH BAG RED RETROSPOT → 22383 – LUNCH BAG SUKI DESIGN ,206,0.09312839059674503,0.4327731092436975,2
2,22423 – REGENCY CAKESTAND 3 TIER → 23245 – SET OF 3 REGENCY CAKE TINS,206,0.09312839059674503,0.29941860465116277,2
2,20728 – LUNCH BAG CARS BLUE → 20728 – LUNCH BAG CARS BLUE,205,0.0926763110307414,0.49278846153846156,1
2,23203 – JUMBO BAG VINTAGE DOILY  → 85099B – JUMBO BAG RED RETROSPOT,204,0.0922242314647378,0.46258503401360546,2
2,22384 – LUNCH BAG PINK POLKADOT → 20725 – LUNCH BAG RED RETROSPOT,201,0.09086799276672694,0.5,2
2,22469 – HEART OF WICKER SMALL → 22469 – HEART OF WICKER SMALL,201,0.09086799276672694,0.43412526997840173,1
2,85099B – JUMBO BAG RED RETROSPOT → 20725 – LUNCH BAG RED RETROSPOT,200,0.09041591320072333,0.3780718336483932,2
2,22382 – LUNCH BAG SPACEBOY DESIGN  → 22382 – LUNCH BAG SPACEBOY DESIGN ,198,0.08951175406871609,0.4637002341920375,1
2,22382 – LUNCH BAG SPACEBOY DESIGN  → 20725 – LUNCH BAG RED RETROSPOT,198,0.08951175406871609,0.4637002341920375,2
2,47566 – PARTY BUNTING → 23298 – SPOTTY BUNTING,197,0.08905967450271247,0.34683098591549294,2
2,22384 – LUNCH BAG PINK POLKADOT → 22384 – LUNCH BAG PINK POLKADOT,196,0.08860759493670886,0.48756218905472637,1
2,20725 – LUNCH BAG RED RETROSPOT → 22384 – LUNCH BAG PINK POLKADOT,196,0.08860759493670886,0.4117647058823529,2
2,22086 – PAPER CHAIN KIT 50'S CHRISTMAS  → 22086 – PAPER CHAIN KIT 50'S CHRISTMAS ,196,0.08860759493670886,0.3927855711422846,1
2,20725 – LUNCH BAG RED RETROSPOT → 85099B – JUMBO BAG RED RETROSPOT,195,0.08815551537070525,0.4096638655462185,2
2,22383 – LUNCH BAG SUKI DESIGN  → 20725 – LUNCH BAG RED RETROSPOT,194,0.08770343580470162,0.5052083333333334,2
2,20725 – LUNCH BAG RED RETROSPOT → 20728 – LUNCH BAG CARS BLUE,194,0.08770343580470162,0.40756302521008403,2
2,21212 – PACK OF 72 RETROSPOT CAKE CASES → 21212 – PACK OF 72 RETROSPOT CAKE CASES,191,0.08634719710669078,0.36311787072243346,1
2,22383 – LUNCH BAG SUKI DESIGN  → 20727 – LUNCH BAG  BLACK SKULL.,189,0.08544303797468354,0.4921875,2
2,20728 – LUNCH BAG CARS BLUE → 22383 – LUNCH BAG SUKI DESIGN ,189,0.08544303797468354,0.4543269230769231,2
2,20728 – LUNCH BAG CARS BLUE → 20727 – LUNCH BAG  BLACK SKULL.,188,0.08499095840867993,0.4519230769230769,2
2,23084 – RABBIT NIGHT LIGHT → 23084 – RABBIT NIGHT LIGHT,183,0.08273056057866185,0.4728682170542636,1
2,20727 – LUNCH BAG  BLACK SKULL. → 22383 – LUNCH BAG SUKI DESIGN ,183,0.08273056057866185,0.44525547445255476,2
2,23209 – LUNCH BAG VINTAGE DOILY  → 23203 – JUMBO BAG VINTAGE DOILY ,183,0.08273056057866185,0.4441747572815534,2
2,20728 – LUNCH BAG CARS BLUE → 22384 – LUNCH BAG PINK POLKADOT,183,0.08273056057866185,0.43990384615384615,2
2,22383 – LUNCH BAG SUKI DESIGN  → 22382 – LUNCH BAG SPACEBOY DESIGN ,182,0.08227848101265822,0.4739583333333333,2
2,20728 – LUNCH BAG CARS BLUE → 23209 – LUNCH BAG VINTAGE DOILY ,182,0.08227848101265822,0.4375,2
2,22382 – LUNCH BAG SPACEBOY DESIGN  → 22383 – LUNCH BAG SUKI DESIGN ,182,0.08227848101265822,0.4262295081967213,2
2,22457 – NATURAL SLATE HEART CHALKBOARD  → 22457 – NATURAL SLATE HEART CHALKBOARD ,182,0.08227848101265822,0.3831578947368421,1
2,22993 – SET OF 4 PANTRY JELLY MOULDS → 22993 – SET OF 4 PANTRY JELLY MOULDS,180,0.081374321880651,0.48257372654155495,1
2,21034 – REX CASH+CARRY JUMBO SHOPPER → 21034 – REX CASH+CARRY JUMBO SHOPPER,179,0.08092224231464738,0.5295857988165681,1
2,82482 – WOODEN PICTURE FRAME WHITE FINISH → 82482 – WOODEN PICTURE FRAME WHITE FINISH,179,0.08092224231464738,0.5056497175141242,1
2,22384 – LUNCH BAG PINK POLKADOT → 20727 – LUNCH BAG  BLACK SKULL.,178,0.08047016274864376,0.4427860696517413,2
2,22383 – LUNCH BAG SUKI DESIGN  → 20728 – LUNCH BAG CARS BLUE,176,0.07956600361663653,0.4583333333333333,2
2,20728 – LUNCH BAG CARS BLUE → 22382 – LUNCH BAG SPACEBOY DESIGN ,176,0.07956600361663653,0.4230769230769231,2
2,20727 – LUNCH BAG  BLACK SKULL. → 22384 – LUNCH BAG PINK POLKADOT,173,0.07820976491862568,0.4209245742092457,2
2,20727 – LUNCH BAG  BLACK SKULL. → 20728 – LUNCH BAG CARS BLUE,173,0.07820976491862568,0.4209245742092457,2
2,22382 – LUNCH BAG SPACEBOY DESIGN  → 20727 – LUNCH BAG  BLACK SKULL.,173,0.07820976491862568,0.405152224824356,2
2,22384 – LUNCH BAG PINK POLKADOT → 22382 – LUNCH BAG SPACEBOY DESIGN ,172,0.07775768535262206,0.42786069651741293,2
2,22384 – LUNCH BAG PINK POLKADOT → 20728 – LUNCH BAG CARS BLUE,171,0.07730560578661845,0.4253731343283582,2
2,22384 – LUNCH BAG PINK POLKADOT → 23209 – LUNCH BAG VINTAGE DOILY ,171,0.07730560578661845,0.4253731343283582,2
2,22382 – LUNCH BAG SPACEBOY DESIGN  → 23209 – LUNCH BAG VINTAGE DOILY ,171,0.07730560578661845,0.40046838407494145,2
2,20725 – LUNCH BAG RED RETROSPOT → 23203 – JUMBO BAG VINTAGE DOILY ,171,0.07730560578661845,0.3592436974789916,2
2,22423 – REGENCY CAKESTAND 3 TIER → 85123A – CREAM HANGING HEART T-LIGHT HOLDER,171,0.07730560578661845,0.24854651162790697,2
2,22469 – HEART OF WICKER SMALL → 85123A – CREAM HANGING HEART T-LIGHT HOLDER,170,0.07685352622061482,0.367170626349892,2
2,22423 – REGENCY CAKESTAND 3 TIER → 47566 – PARTY BUNTING,170,0.07685352622061482,0.24709302325581395,2
2,20727 – LUNCH BAG  BLACK SKULL. → 22382 – LUNCH BAG SPACEBOY DESIGN ,169,0.07640144665461121,0.41119221411192214,2
2,20727 – LUNCH BAG  BLACK SKULL. → 23209 – LUNCH BAG VINTAGE DOILY ,169,0.07640144665461121,0.41119221411192214,2
2,22384 – LUNCH BAG PINK POLKADOT → 22383 – LUNCH BAG SUKI DESIGN ,168,0.0759493670886076,0.417910447761194,2
2,47566 – PARTY BUNTING → 85123A – CREAM HANGING HEART T-LIGHT HOLDER,168,0.0759493670886076,0.29577464788732394,2
2,85123A – CREAM HANGING HEART T-LIGHT HOLDER → 84879 – ASSORTED COLOUR BIRD ORNAMENT,168,0.0759493670886076,0.25339366515837103,2
2,85123A – CREAM HANGING HEART T-LIGHT HOLDER → 22470 – HEART OF WICKER LARGE,168,0.0759493670886076,0.25339366515837103,2
2,22383 – LUNCH BAG SUKI DESIGN  → 22384 – LUNCH BAG PINK POLKADOT,167,0.07549728752260398,0.4348958333333333,2
2,22384 – LUNCH BAG PINK POLKADOT → 85099B – JUMBO BAG RED RETROSPOT,167,0.07549728752260398,0.4154228855721393,2
2,23209 – LUNCH BAG VINTAGE DOILY  → 20725 – LUNCH BAG RED RETROSPOT,167,0.07549728752260398,0.4053398058252427,2
2,20728 – LUNCH BAG CARS BLUE → 85099B – JUMBO BAG RED RETROSPOT,167,0.07549728752260398,0.4014423076923077,2
2,85123A – CREAM HANGING HEART T-LIGHT HOLDER → 47566 – PARTY BUNTING,167,0.07549728752260398,0.25188536953242835,2
2,85123A – CREAM HANGING HEART T-LIGHT HOLDER → 22423 – REGENCY CAKESTAND 3 TIER,167,0.07549728752260398,0.25188536953242835,2
2,85099B – JUMBO BAG RED RETROSPOT → 23209 – LUNCH BAG VINTAGE DOILY ,166,0.07504520795660036,0.31379962192816635,2
2,22423 – REGENCY CAKESTAND 3 TIER → 22699 – ROSES REGENCY TEACUP AND SAUCER ,165,0.07459312839059674,0.23982558139534885,2
2,22383 – LUNCH BAG SUKI DESIGN  → 23209 – LUNCH BAG VINTAGE DOILY ,164,0.07414104882459313,0.4270833333333333,2
2,22470 – HEART OF WICKER LARGE → 22470 – HEART OF WICKER LARGE,163,0.07368896925858952,0.4034653465346535,1
2,85099B – JUMBO BAG RED RETROSPOT → 22384 – LUNCH BAG PINK POLKADOT,163,0.07368896925858952,0.30812854442344045,2
2,85123A – CREAM HANGING HEART T-LIGHT HOLDER → 22469 – HEART OF WICKER SMALL,163,0.07368896925858952,0.2458521870286576,2
2,85099B – JUMBO BAG RED RETROSPOT → 20727 – LUNCH BAG  BLACK SKULL.,162,0.07323688969258589,0.30623818525519847,2
2,85123A – CREAM HANGING HEART T-LIGHT HOLDER → 85099B – JUMBO BAG RED RETROSPOT,162,0.07323688969258589,0.24434389140271492,2
2,22382 – LUNCH BAG SPACEBOY DESIGN  → 20728 – LUNCH BAG CARS BLUE,161,0.07278481012658228,0.3770491803278688,2
2,23203 – JUMBO BAG VINTAGE DOILY  → 23209 – LUNCH BAG VINTAGE DOILY ,160,0.07233273056057866,0.36281179138321995,2
2,22382 – LUNCH BAG SPACEBOY DESIGN  → 22384 – LUNCH BAG PINK POLKADOT,159,0.07188065099457505,0.37236533957845436,2
2,22720 – SET OF 3 CAKE TINS PANTRY DESIGN  → 23245 – SET OF 3 REGENCY CAKE TINS,159,0.07188065099457505,0.3087378640776699,2
2,47566 – PARTY BUNTING → 22423 – REGENCY CAKESTAND 3 TIER,159,0.07188065099457505,0.27992957746478875,2
2,22699 – ROSES REGENCY TEACUP AND SAUCER  → 22423 – REGENCY CAKESTAND 3 TIER,158,0.07142857142857142,0.4619883040935672,2
2,22470 – HEART OF WICKER LARGE → 85123A – CREAM HANGING HEART T-LIGHT HOLDER,158,0.07142857142857142,0.3910891089108911,2
2,20727 – LUNCH BAG  BLACK SKULL. → 85099B – JUMBO BAG RED RETROSPOT,158,0.07142857142857142,0.3844282238442822,2
2,85123A – CREAM HANGING HEART T-LIGHT HOLDER → 82482 – WOODEN PICTURE FRAME WHITE FINISH,158,0.07142857142857142,0.2383107088989442,2
2,22720 – SET OF 3 CAKE TINS PANTRY DESIGN  → 22423 – REGENCY CAKESTAND 3 TIER,155,0.07007233273056059,0.30097087378640774,2
2,23298 – SPOTTY BUNTING → 47566 – PARTY BUNTING,152,0.06871609403254973,0.30707070707070705,2
2,85123A – CREAM HANGING HEART T-LIGHT HOLDER → 23298 – SPOTTY BUNTING,152,0.06871609403254973,0.22926093514328807,2
2,22423 – REGENCY CAKESTAND 3 TIER → 84879 – ASSORTED COLOUR BIRD ORNAMENT,152,0.06871609403254973,0.22093023255813954,2
2,82482 – WOODEN PICTURE FRAME WHITE FINISH → 85123A – CREAM HANGING HEART T-LIGHT HOLDER,151,0.06826401446654612,0.4265536723163842,2
2,22457 – NATURAL SLATE HEART CHALKBOARD  → 85123A – CREAM HANGING HEART T-LIGHT HOLDER,151,0.06826401446654612,0.3178947368421053,2
2,21212 – PACK OF 72 RETROSPOT CAKE CASES → 85099B – JUMBO BAG RED RETROSPOT,151,0.06826401446654612,0.2870722433460076,2
2,22666 – RECIPE BOX PANTRY YELLOW DESIGN → 22666 – RECIPE BOX PANTRY YELLOW DESIGN,150,0.06781193490054249,0.375,1
2,23209 – LUNCH BAG VINTAGE DOILY  → 22382 – LUNCH BAG SPACEBOY DESIGN ,150,0.06781193490054249,0.3640776699029126,2
2,22666 – RECIPE BOX PANTRY YELLOW DESIGN → 22720 – SET OF 3 CAKE TINS PANTRY DESIGN ,149,0.06735985533453888,0.3725,2
2,23209 – LUNCH BAG VINTAGE DOILY  → 85099B – JUMBO BAG RED RETROSPOT,149,0.06735985533453888,0.3616504854368932,2
2,23209 – LUNCH BAG VINTAGE DOILY  → 20727 – LUNCH BAG  BLACK SKULL.,149,0.06735985533453888,0.3616504854368932,2
2,22383 – LUNCH BAG SUKI DESIGN  → 85099B – JUMBO BAG RED RETROSPOT,147,0.06645569620253164,0.3828125,2
2,22384 – LUNCH BAG PINK POLKADOT → 23203 – JUMBO BAG VINTAGE DOILY ,147,0.06645569620253164,0.3656716417910448,2
2,85099B – JUMBO BAG RED RETROSPOT → 85123A – CREAM HANGING HEART T-LIGHT HOLDER,147,0.06645569620253164,0.277882797731569,2
2,47566 – PARTY BUNTING → 22086 – PAPER CHAIN KIT 50'S CHRISTMAS ,147,0.06645569620253164,0.25880281690140844,2
2,85123A – CREAM HANGING HEART T-LIGHT HOLDER → 22457 – NATURAL SLATE HEART CHALKBOARD ,147,0.06645569620253164,0.22171945701357465,2
2,85099B – JUMBO BAG RED RETROSPOT → 22382 – LUNCH BAG SPACEBOY DESIGN ,146,0.06600361663652803,0.27599243856332706,2
2,22423 – REGENCY CAKESTAND 3 TIER → 23298 – SPOTTY BUNTING,146,0.06600361663652803,0.21220930232558138,2
2,22470 – HEART OF WICKER LARGE → 22469 – HEART OF WICKER SMALL,145,0.06555153707052441,0.3589108910891089,2
2,21212 – PACK OF 72 RETROSPOT CAKE CASES → 20725 – LUNCH BAG RED RETROSPOT,145,0.06555153707052441,0.27566539923954375,2
2,20727 – LUNCH BAG  BLACK SKULL. → 23203 – JUMBO BAG VINTAGE DOILY ,144,0.0650994575045208,0.35036496350364965,2
2,22961 – JAM MAKING SET PRINTED → 22961 – JAM MAKING SET PRINTED,144,0.0650994575045208,0.3325635103926097,1
2,85099B – JUMBO BAG RED RETROSPOT → 20728 – LUNCH BAG CARS BLUE,144,0.0650994575045208,0.2722117202268431,2
2,22699 – ROSES REGENCY TEACUP AND SAUCER  → 22699 – ROSES REGENCY TEACUP AND SAUCER ,143,0.06464737793851717,0.41812865497076024,1
2,20728 – LUNCH BAG CARS BLUE → 23203 – JUMBO BAG VINTAGE DOILY ,143,0.06464737793851717,0.34375,2
2,22469 – HEART OF WICKER SMALL → 22470 – HEART OF WICKER LARGE,143,0.06464737793851717,0.30885529157667385,2
2,22720 – SET OF 3 CAKE TINS PANTRY DESIGN  → 23298 – SPOTTY BUNTING,142,0.06419529837251356,0.2757281553398058,2
2,22382 – LUNCH BAG SPACEBOY DESIGN  → 85099B – JUMBO BAG RED RETROSPOT,141,0.06374321880650995,0.33021077283372363,2
2,22960 – JAM MAKING SET WITH JARS → 22960 – JAM MAKING SET WITH JARS,141,0.06374321880650995,0.31125827814569534,1
2,85123A – CREAM HANGING HEART T-LIGHT HOLDER → 22720 – SET OF 3 CAKE TINS PANTRY DESIGN ,141,0.06374321880650995,0.21266968325791855,2
2,85123A – CREAM HANGING HEART T-LIGHT HOLDER → 20725 – LUNCH BAG RED RETROSPOT,141,0.06374321880650995,0.21266968325791855,2
2,22423 – REGENCY CAKESTAND 3 TIER → 22720 – SET OF 3 CAKE TINS PANTRY DESIGN ,141,0.06374321880650995,0.20494186046511628,2
2,22423 – REGENCY CAKESTAND 3 TIER → 22086 – PAPER CHAIN KIT 50'S CHRISTMAS ,141,0.06374321880650995,0.20494186046511628,2
2,23355 – HOT WATER BOTTLE KEEP CALM → 23355 – HOT WATER BOTTLE KEEP CALM,140,0.06329113924050633,0.36082474226804123,1
2,22720 – SET OF 3 CAKE TINS PANTRY DESIGN  → 85123A – CREAM HANGING HEART T-LIGHT HOLDER,140,0.06329113924050633,0.27184466019417475,2
2,21212 – PACK OF 72 RETROSPOT CAKE CASES → 22086 – PAPER CHAIN KIT 50'S CHRISTMAS ,140,0.06329113924050633,0.2661596958174905,2
2,84879 – ASSORTED COLOUR BIRD ORNAMENT → 85123A – CREAM HANGING HEART T-LIGHT HOLDER,140,0.06329113924050633,0.2626641651031895,2
2,22383 – LUNCH BAG SUKI DESIGN  → 23203 – JUMBO BAG VINTAGE DOILY ,139,0.0628390596745027,0.3619791666666667,2
2,22910 – PAPER CHAIN KIT VINTAGE CHRISTMAS → 22910 – PAPER CHAIN KIT VINTAGE CHRISTMAS,139,0.0628390596745027,0.3619791666666667,1
2,22382 – LUNCH BAG SPACEBOY DESIGN  → 23203 – JUMBO BAG VINTAGE DOILY ,139,0.0628390596745027,0.3255269320843091,2
2,22138 – BAKING SET 9 PIECE RETROSPOT  → 22138 – BAKING SET 9 PIECE RETROSPOT ,139,0.0628390596745027,0.3247663551401869,1
2,22111 – SCOTTIE DOG HOT WATER BOTTLE → 22111 – SCOTTIE DOG HOT WATER BOTTLE,138,0.06238698010849909,0.4011627906976744,1
2,22139 – RETROSPOT TEA SET CERAMIC 11 PC  → 22139 – RETROSPOT TEA SET CERAMIC 11 PC ,138,0.06238698010849909,0.36507936507936506,1
2,85099B – JUMBO BAG RED RETROSPOT → 22383 – LUNCH BAG SUKI DESIGN ,138,0.06238698010849909,0.2608695652173913,2
2,47566 – PARTY BUNTING → 85099B – JUMBO BAG RED RETROSPOT,138,0.06238698010849909,0.24295774647887325,2
2,47566 – PARTY BUNTING → 23203 – JUMBO BAG VINTAGE DOILY ,138,0.06238698010849909,0.24295774647887325,2
2,85123A – CREAM HANGING HEART T-LIGHT HOLDER → 23355 – HOT WATER BOTTLE KEEP CALM,138,0.06238698010849909,0.2081447963800905,2
2,85123A – CREAM HANGING HEART T-LIGHT HOLDER → 20728 – LUNCH BAG CARS BLUE,137,0.06193490054249548,0.2066365007541478,2
2,22423 – REGENCY CAKESTAND 3 TIER → 23355 – HOT WATER BOTTLE KEEP CALM,137,0.06193490054249548,0.19912790697674418,2
2,23209 – LUNCH BAG VINTAGE DOILY  → 22383 – LUNCH BAG SUKI DESIGN ,136,0.06148282097649186,0.3300970873786408,2
2,21212 – PACK OF 72 RETROSPOT CAKE CASES → 23298 – SPOTTY BUNTING,136,0.06148282097649186,0.2585551330798479,2
2,23203 – JUMBO BAG VINTAGE DOILY  → 20725 – LUNCH BAG RED RETROSPOT,135,0.06103074141048825,0.30612244897959184,2
2,22720 – SET OF 3 CAKE TINS PANTRY DESIGN  → 22666 – RECIPE BOX PANTRY YELLOW DESIGN,135,0.06103074141048825,0.2621359223300971,2
2,84879 – ASSORTED COLOUR BIRD ORNAMENT → 22423 – REGENCY CAKESTAND 3 TIER,135,0.06103074141048825,0.25328330206378985,2
2,47566 – PARTY BUNTING → 23245 – SET OF 3 REGENCY CAKE TINS,135,0.06103074141048825,0.23767605633802816,2
2,85123A – CREAM HANGING HEART T-LIGHT HOLDER → 20727 – LUNCH BAG  BLACK SKULL.,135,0.06103074141048825,0.20361990950226244,2
2,85123A – CREAM HANGING HEART T-LIGHT HOLDER → 22086 – PAPER CHAIN KIT 50'S CHRISTMAS ,135,0.06103074141048825,0.20361990950226244,2
2,22910 – PAPER CHAIN KIT VINTAGE CHRISTMAS → 22086 – PAPER CHAIN KIT 50'S CHRISTMAS ,134,0.06057866184448463,0.3489583333333333,2
2,22077 – 6 RIBBONS RUSTIC CHARM → 22077 – 6 RIBBONS RUSTIC CHARM,133,0.060126582278481014,0.40923076923076923,1
2,22960 – JAM MAKING SET WITH JARS → 22086 – PAPER CHAIN KIT 50'S CHRISTMAS ,133,0.060126582278481014,0.293598233995585,2
2,22086 – PAPER CHAIN KIT 50'S CHRISTMAS  → 22910 – PAPER CHAIN KIT VINTAGE CHRISTMAS,132,0.059674502712477394,0.26452905811623245,2
2,85123A – CREAM HANGING HEART T-LIGHT HOLDER → 23203 – JUMBO BAG VINTAGE DOILY ,132,0.059674502712477394,0.19909502262443438,2
2,23209 – LUNCH BAG VINTAGE DOILY  → 20728 – LUNCH BAG CARS BLUE,131,0.05922242314647378,0.3179611650485437,2
2,22960 – JAM MAKING SET WITH JARS → 22720 – SET OF 3 CAKE TINS PANTRY DESIGN ,131,0.05922242314647378,0.2891832229580574,2
2,22720 – SET OF 3 CAKE TINS PANTRY DESIGN  → 85099B – JUMBO BAG RED RETROSPOT,131,0.05922242314647378,0.2543689320388349,2
2,21212 – PACK OF 72 RETROSPOT CAKE CASES → 22423 – REGENCY CAKESTAND 3 TIER,131,0.05922242314647378,0.24904942965779467,2
2,21212 – PACK OF 72 RETROSPOT CAKE CASES → 23203 – JUMBO BAG VINTAGE DOILY ,131,0.05922242314647378,0.24904942965779467,2
2,85123A – CREAM HANGING HEART T-LIGHT HOLDER → 22383 – LUNCH BAG SUKI DESIGN ,131,0.05922242314647378,0.1975867269984917,2
2,22423 – REGENCY CAKESTAND 3 TIER → 23084 – RABBIT NIGHT LIGHT,131,0.05922242314647378,0.19040697674418605,2
2,21080 – SET/20 RED RETROSPOT PAPER NAPKINS  → 21080 – SET/20 RED RETROSPOT PAPER NAPKINS ,130,0.05877034358047016,0.3641456582633053,1
2,21212 – PACK OF 72 RETROSPOT CAKE CASES → 23209 – LUNCH BAG VINTAGE DOILY ,130,0.05877034358047016,0.24714828897338403,2
2,22961 – JAM MAKING SET PRINTED → 22086 – PAPER CHAIN KIT 50'S CHRISTMAS ,129,0.05831826401446655,0.2979214780600462,2
2,22720 – SET OF 3 CAKE TINS PANTRY DESIGN  → 22993 – SET OF 4 PANTRY JELLY MOULDS,129,0.05831826401446655,0.2504854368932039,2
2,21212 – PACK OF 72 RETROSPOT CAKE CASES → 47566 – PARTY BUNTING,129,0.05831826401446655,0.24524714828897337,2
2,22961 – JAM MAKING SET PRINTED → 22720 – SET OF 3 CAKE TINS PANTRY DESIGN ,128,0.05786618444846293,0.2956120092378753,2
2,23298 – SPOTTY BUNTING → 22086 – PAPER CHAIN KIT 50'S CHRISTMAS ,128,0.05786618444846293,0.2585858585858586,2
2,21212 – PACK OF 72 RETROSPOT CAKE CASES → 85123A – CREAM HANGING HEART T-LIGHT HOLDER,128,0.05786618444846293,0.24334600760456274,2
2,47566 – PARTY BUNTING → 23355 – HOT WATER BOTTLE KEEP CALM,128,0.05786618444846293,0.22535211267605634,2
2,22423 – REGENCY CAKESTAND 3 TIER → 85099B – JUMBO BAG RED RETROSPOT,128,0.05786618444846293,0.18604651162790697,2
2,22961 – JAM MAKING SET PRINTED → 21212 – PACK OF 72 RETROSPOT CAKE CASES,127,0.057414104882459314,0.29330254041570436,2
2,23298 – SPOTTY BUNTING → 23203 – JUMBO BAG VINTAGE DOILY ,127,0.057414104882459314,0.25656565656565655,2
2,85123A – CREAM HANGING HEART T-LIGHT HOLDER → 23209 – LUNCH BAG VINTAGE DOILY ,127,0.057414104882459314,0.19155354449472098,2
2,85123A – CREAM HANGING HEART T-LIGHT HOLDER → 22384 – LUNCH BAG PINK POLKADOT,127,0.057414104882459314,0.19155354449472098,2
2,22423 – REGENCY CAKESTAND 3 TIER → 23209 – LUNCH BAG VINTAGE DOILY ,127,0.057414104882459314,0.18459302325581395,2
2,22960 – JAM MAKING SET WITH JARS → 22423 – REGENCY CAKESTAND 3 TIER,126,0.056962025316455694,0.2781456953642384,2
2,22720 – SET OF 3 CAKE TINS PANTRY DESIGN  → 47566 – PARTY BUNTING,126,0.056962025316455694,0.2446601941747573,2
2,22423 – REGENCY CAKESTAND 3 TIER → 23203 – JUMBO BAG VINTAGE DOILY ,126,0.056962025316455694,0.18313953488372092,2
2,47566 – PARTY BUNTING → 84879 – ASSORTED COLOUR BIRD ORNAMENT,125,0.05650994575045208,0.22007042253521128,2
2,22423 – REGENCY CAKESTAND 3 TIER → 21212 – PACK OF 72 RETROSPOT CAKE CASES,125,0.05650994575045208,0.1816860465116279,2
2,84991 – 60 TEATIME FAIRY CAKE CASES → 21212 – PACK OF 72 RETROSPOT CAKE CASES,124,0.05605786618444846,0.36257309941520466,2
2,23245 – SET OF 3 REGENCY CAKE TINS → 23245 – SET OF 3 REGENCY CAKE TINS,124,0.05605786618444846,0.30392156862745096,1
2,23209 – LUNCH BAG VINTAGE DOILY  → 22384 – LUNCH BAG PINK POLKADOT,124,0.05605786618444846,0.30097087378640774,2
2,22961 – JAM MAKING SET PRINTED → 22423 – REGENCY CAKESTAND 3 TIER,124,0.05605786618444846,0.2863741339491917,2
2,23203 – JUMBO BAG VINTAGE DOILY  → 20727 – LUNCH BAG  BLACK SKULL.,124,0.05605786618444846,0.2811791383219955,2
2,22960 – JAM MAKING SET WITH JARS → 22993 – SET OF 4 PANTRY JELLY MOULDS,124,0.05605786618444846,0.2737306843267108,2
2,22699 – ROSES REGENCY TEACUP AND SAUCER  → 23245 – SET OF 3 REGENCY CAKE TINS,123,0.05560578661844485,0.35964912280701755,2
2,21790 – VINTAGE SNAP CARDS → 21790 – VINTAGE SNAP CARDS,123,0.05560578661844485,0.34844192634560905,1
2,22666 – RECIPE BOX PANTRY YELLOW DESIGN → 22993 – SET OF 4 PANTRY JELLY MOULDS,123,0.05560578661844485,0.3075,2
2,21212 – PACK OF 72 RETROSPOT CAKE CASES → 22382 – LUNCH BAG SPACEBOY DESIGN ,123,0.05560578661844485,0.2338403041825095,2
2,85099B – JUMBO BAG RED RETROSPOT → 23355 – HOT WATER BOTTLE KEEP CALM,123,0.05560578661844485,0.23251417769376181,2
2,47566 – PARTY BUNTING → 20725 – LUNCH BAG RED RETROSPOT,123,0.05560578661844485,0.21654929577464788,2
2,85123A – CREAM HANGING HEART T-LIGHT HOLDER → 22382 – LUNCH BAG SPACEBOY DESIGN ,123,0.05560578661844485,0.18552036199095023,2
2,21080 – SET/20 RED RETROSPOT PAPER NAPKINS  → 20725 – LUNCH BAG RED RETROSPOT,122,0.05515370705244123,0.34173669467787116,2
2,22720 – SET OF 3 CAKE TINS PANTRY DESIGN  → 23203 – JUMBO BAG VINTAGE DOILY ,122,0.05515370705244123,0.23689320388349513,2
2,23203 – JUMBO BAG VINTAGE DOILY  → 22086 – PAPER CHAIN KIT 50'S CHRISTMAS ,121,0.054701627486437615,0.2743764172335601,2
2,20725 – LUNCH BAG RED RETROSPOT → 85123A – CREAM HANGING HEART T-LIGHT HOLDER,121,0.054701627486437615,0.2542016806722689,2
2,84879 – ASSORTED COLOUR BIRD ORNAMENT → 23298 – SPOTTY BUNTING,121,0.054701627486437615,0.2270168855534709,2
2,47566 – PARTY BUNTING → 23209 – LUNCH BAG VINTAGE DOILY ,121,0.054701627486437615,0.2130281690140845,2
2,22960 – JAM MAKING SET WITH JARS → 23298 – SPOTTY BUNTING,120,0.054249547920433995,0.26490066225165565,2
2,85099B – JUMBO BAG RED RETROSPOT → 23298 – SPOTTY BUNTING,120,0.054249547920433995,0.22684310018903592,2
2,84879 – ASSORTED COLOUR BIRD ORNAMENT → 22086 – PAPER CHAIN KIT 50'S CHRISTMAS ,120,0.054249547920433995,0.225140712945591,2
2,84946 – ANTIQUE SILVER T-LIGHT GLASS → 84946 – ANTIQUE SILVER T-LIGHT GLASS,119,0.05379746835443038,0.37658227848101267,1
2,22961 – JAM MAKING SET PRINTED → 22993 – SET OF 4 PANTRY JELLY MOULDS,119,0.05379746835443038,0.2748267898383372,2
2,22960 – JAM MAKING SET WITH JARS → 85099B – JUMBO BAG RED RETROSPOT,119,0.05379746835443038,0.26269315673289184,2
2,23298 – SPOTTY BUNTING → 23209 – LUNCH BAG VINTAGE DOILY ,119,0.05379746835443038,0.2404040404040404,2
2,47566 – PARTY BUNTING → 22910 – PAPER CHAIN KIT VINTAGE CHRISTMAS,119,0.05379746835443038,0.20950704225352113,2
2,20725 – LUNCH BAG RED RETROSPOT → 47566 – PARTY BUNTING,118,0.05334538878842676,0.24789915966386555,2
2,21212 – PACK OF 72 RETROSPOT CAKE CASES → 84991 – 60 TEATIME FAIRY CAKE CASES,118,0.05334538878842676,0.22433460076045628,2
2,84991 – 60 TEATIME FAIRY CAKE CASES → 84991 – 60 TEATIME FAIRY CAKE CASES,117,0.05289330922242315,0.34210526315789475,1
2,23245 – SET OF 3 REGENCY CAKE TINS → 22423 – REGENCY CAKESTAND 3 TIER,117,0.05289330922242315,0.2867647058823529,2
2,22457 – NATURAL SLATE HEART CHALKBOARD  → 84879 – ASSORTED COLOUR BIRD ORNAMENT,117,0.05289330922242315,0.2463157894736842,2
2,22720 – SET OF 3 CAKE TINS PANTRY DESIGN  → 22086 – PAPER CHAIN KIT 50'S CHRISTMAS ,117,0.05289330922242315,0.22718446601941747,2
2,22961 – JAM MAKING SET PRINTED → 85099B – JUMBO BAG RED RETROSPOT,116,0.05244122965641953,0.2678983833718245,2
2,22961 – JAM MAKING SET PRINTED → 23203 – JUMBO BAG VINTAGE DOILY ,116,0.05244122965641953,0.2678983833718245,2
2,23203 – JUMBO BAG VINTAGE DOILY  → 22382 – LUNCH BAG SPACEBOY DESIGN ,116,0.05244122965641953,0.26303854875283444,2
2,22960 – JAM MAKING SET WITH JARS → 23245 – SET OF 3 REGENCY CAKE TINS,116,0.05244122965641953,0.2560706401766004,2
2,22720 – SET OF 3 CAKE TINS PANTRY DESIGN  → 23209 – LUNCH BAG VINTAGE DOILY ,116,0.05244122965641953,0.22524271844660193,2
2,21212 – PACK OF 72 RETROSPOT CAKE CASES → 22720 – SET OF 3 CAKE TINS PANTRY DESIGN ,116,0.05244122965641953,0.22053231939163498,2
2,21212 – PACK OF 72 RETROSPOT CAKE CASES → 23245 – SET OF 3 REGENCY CAKE TINS,116,0.05244122965641953,0.22053231939163498,2
2,85099B – JUMBO BAG RED RETROSPOT → 47566 – PARTY BUNTING,116,0.05244122965641953,0.21928166351606806,2
2,85099B – JUMBO BAG RED RETROSPOT → 22086 – PAPER CHAIN KIT 50'S CHRISTMAS ,116,0.05244122965641953,0.21928166351606806,2
2,84879 – ASSORTED COLOUR BIRD ORNAMENT → 47566 – PARTY BUNTING,116,0.05244122965641953,0.2176360225140713,2
2,22423 – REGENCY CAKESTAND 3 TIER → 20725 – LUNCH BAG RED RETROSPOT,116,0.05244122965641953,0.1686046511627907,2
2,22961 – JAM MAKING SET PRINTED → 23298 – SPOTTY BUNTING,115,0.051989150090415916,0.26558891454965355,2
2,22720 – SET OF 3 CAKE TINS PANTRY DESIGN  → 23355 – HOT WATER BOTTLE KEEP CALM,115,0.051989150090415916,0.22330097087378642,2
2,47566 – PARTY BUNTING → 20727 – LUNCH BAG  BLACK SKULL.,115,0.051989150090415916,0.20246478873239437,2
2,20727 – LUNCH BAG  BLACK SKULL. → 85123A – CREAM HANGING HEART T-LIGHT HOLDER,114,0.051537070524412296,0.2773722627737226,2
2,20728 – LUNCH BAG CARS BLUE → 22086 – PAPER CHAIN KIT 50'S CHRISTMAS ,114,0.051537070524412296,0.27403846153846156,2
2,22961 – JAM MAKING SET PRINTED → 23209 – LUNCH BAG VINTAGE DOILY ,114,0.051537070524412296,0.2632794457274827,2
2,22457 – NATURAL SLATE HEART CHALKBOARD  → 22469 – HEART OF WICKER SMALL,114,0.051537070524412296,0.24,2
2,20725 – LUNCH BAG RED RETROSPOT → 23084 – RABBIT NIGHT LIGHT,114,0.051537070524412296,0.23949579831932774,2
2,20725 – LUNCH BAG RED RETROSPOT → 23298 – SPOTTY BUNTING,114,0.051537070524412296,0.23949579831932774,2
2,22961 – JAM MAKING SET PRINTED → 23245 – SET OF 3 REGENCY CAKE TINS,113,0.05108499095840868,0.26096997690531176,2
2,22960 – JAM MAKING SET WITH JARS → 23209 – LUNCH BAG VINTAGE DOILY ,113,0.05108499095840868,0.24944812362030905,2
2,22469 – HEART OF WICKER SMALL → 85099B – JUMBO BAG RED RETROSPOT,113,0.05108499095840868,0.24406047516198703,2
2,20725 – LUNCH BAG RED RETROSPOT → 22086 – PAPER CHAIN KIT 50'S CHRISTMAS ,113,0.05108499095840868,0.23739495798319327,2
2,23298 – SPOTTY BUNTING → 85123A – CREAM HANGING HEART T-LIGHT HOLDER,113,0.05108499095840868,0.22828282828282828,2
2,21212 – PACK OF 72 RETROSPOT CAKE CASES → 22993 – SET OF 4 PANTRY JELLY MOULDS,113,0.05108499095840868,0.21482889733840305,2
2,47566 – PARTY BUNTING → 22720 – SET OF 3 CAKE TINS PANTRY DESIGN ,113,0.05108499095840868,0.198943661971831,2
2,85123A – CREAM HANGING HEART T-LIGHT HOLDER → 21212 – PACK OF 72 RETROSPOT CAKE CASES,113,0.05108499095840868,0.17043740573152338,2
2,22423 – REGENCY CAKESTAND 3 TIER → 22993 – SET OF 4 PANTRY JELLY MOULDS,113,0.05108499095840868,0.16424418604651161,2
2,22423 – REGENCY CAKESTAND 3 TIER → 22382 – LUNCH BAG SPACEBOY DESIGN ,113,0.05108499095840868,0.16424418604651161,2
2,21080 – SET/20 RED RETROSPOT PAPER NAPKINS  → 21212 – PACK OF 72 RETROSPOT CAKE CASES,112,0.05063291139240506,0.3137254901960784,2
2,22993 – SET OF 4 PANTRY JELLY MOULDS → 22086 – PAPER CHAIN KIT 50'S CHRISTMAS ,112,0.05063291139240506,0.3002680965147453,2
2,22666 – RECIPE BOX PANTRY YELLOW DESIGN → 85123A – CREAM HANGING HEART T-LIGHT HOLDER,112,0.05063291139240506,0.28,2
2,22961 – JAM MAKING SET PRINTED → 47566 – PARTY BUNTING,112,0.05063291139240506,0.2586605080831409,2
2,22961 – JAM MAKING SET PRINTED → 20725 – LUNCH BAG RED RETROSPOT,112,0.05063291139240506,0.2586605080831409,2
2,22469 – HEART OF WICKER SMALL → 84879 – ASSORTED COLOUR BIRD ORNAMENT,112,0.05063291139240506,0.24190064794816415,2
2,23298 – SPOTTY BUNTING → 85099B – JUMBO BAG RED RETROSPOT,112,0.05063291139240506,0.22626262626262628,2
2,23298 – SPOTTY BUNTING → 20725 – LUNCH BAG RED RETROSPOT,112,0.05063291139240506,0.22626262626262628,2
2,85099B – JUMBO BAG RED RETROSPOT → 21212 – PACK OF 72 RETROSPOT CAKE CASES,112,0.05063291139240506,0.21172022684310018,2
2,85123A – CREAM HANGING HEART T-LIGHT HOLDER → 23245 – SET OF 3 REGENCY CAKE TINS,112,0.05063291139240506,0.1689291101055807,2
2,22961 – JAM MAKING SET PRINTED → 22960 – JAM MAKING SET WITH JARS,111,0.05018083182640145,0.25635103926096997,2
2,22457 – NATURAL SLATE HEART CHALKBOARD  → 22423 – REGENCY CAKESTAND 3 TIER,111,0.05018083182640145,0.2336842105263158,2
2,22457 – NATURAL SLATE HEART CHALKBOARD  → 22470 – HEART OF WICKER LARGE,111,0.05018083182640145,0.2336842105263158,2
2,20725 – LUNCH BAG RED RETROSPOT → 21212 – PACK OF 72 RETROSPOT CAKE CASES,111,0.05018083182640145,0.23319327731092437,2
2,21212 – PACK OF 72 RETROSPOT CAKE CASES → 20727 – LUNCH BAG  BLACK SKULL.,111,0.05018083182640145,0.21102661596958175,2
2,21212 – PACK OF 72 RETROSPOT CAKE CASES → 22910 – PAPER CHAIN KIT VINTAGE CHRISTMAS,111,0.05018083182640145,0.21102661596958175,2
2,22423 – REGENCY CAKESTAND 3 TIER → 22910 – PAPER CHAIN KIT VINTAGE CHRISTMAS,111,0.05018083182640145,0.1613372093023256,2
2,22993 – SET OF 4 PANTRY JELLY MOULDS → 23209 – LUNCH BAG VINTAGE DOILY ,110,0.04972875226039783,0.2949061662198391,2
2,22384 – LUNCH BAG PINK POLKADOT → 85123A – CREAM HANGING HEART T-LIGHT HOLDER,110,0.04972875226039783,0.2736318407960199,2
2,85099B – JUMBO BAG RED RETROSPOT → 22423 – REGENCY CAKESTAND 3 TIER,110,0.04972875226039783,0.20793950850661624,2
2,84879 – ASSORTED COLOUR BIRD ORNAMENT → 23245 – SET OF 3 REGENCY CAKE TINS,110,0.04972875226039783,0.20637898686679174,2
2,47566 – PARTY BUNTING → 22383 – LUNCH BAG SUKI DESIGN ,110,0.04972875226039783,0.1936619718309859,2
2,22111 – SCOTTIE DOG HOT WATER BOTTLE → 23355 – HOT WATER BOTTLE KEEP CALM,109,0.049276672694394216,0.3168604651162791,2
2,22382 – LUNCH BAG SPACEBOY DESIGN  → 23084 – RABBIT NIGHT LIGHT,109,0.049276672694394216,0.25526932084309134,2
2,22960 – JAM MAKING SET WITH JARS → 21212 – PACK OF 72 RETROSPOT CAKE CASES,109,0.049276672694394216,0.24061810154525387,2
2,23298 – SPOTTY BUNTING → 22910 – PAPER CHAIN KIT VINTAGE CHRISTMAS,109,0.049276672694394216,0.2202020202020202,2
2,22720 – SET OF 3 CAKE TINS PANTRY DESIGN  → 21212 – PACK OF 72 RETROSPOT CAKE CASES,109,0.049276672694394216,0.21165048543689322,2
2,22720 – SET OF 3 CAKE TINS PANTRY DESIGN  → 20725 – LUNCH BAG RED RETROSPOT,109,0.049276672694394216,0.21165048543689322,2
2,21212 – PACK OF 72 RETROSPOT CAKE CASES → 21080 – SET/20 RED RETROSPOT PAPER NAPKINS ,109,0.049276672694394216,0.20722433460076045,2
2,85099B – JUMBO BAG RED RETROSPOT → 23084 – RABBIT NIGHT LIGHT,109,0.049276672694394216,0.2060491493383743,2
2,22469 – HEART OF WICKER SMALL → 23298 – SPOTTY BUNTING,108,0.048824593128390596,0.23326133909287258,2
2,22720 – SET OF 3 CAKE TINS PANTRY DESIGN  → 84879 – ASSORTED COLOUR BIRD ORNAMENT,108,0.048824593128390596,0.20970873786407768,2
2,47566 – PARTY BUNTING → 22382 – LUNCH BAG SPACEBOY DESIGN ,108,0.048824593128390596,0.19014084507042253,2
2,47566 – PARTY BUNTING → 21212 – PACK OF 72 RETROSPOT CAKE CASES,108,0.048824593128390596,0.19014084507042253,2
2,22969 – HOMEMADE JAM SCENTED CANDLES → 22423 – REGENCY CAKESTAND 3 TIER,107,0.04837251356238698,0.3213213213213213,2
2,20728 – LUNCH BAG CARS BLUE → 23355 – HOT WATER BOTTLE KEEP CALM,107,0.04837251356238698,0.25721153846153844,2
2,22469 – HEART OF WICKER SMALL → 22457 – NATURAL SLATE HEART CHALKBOARD ,107,0.04837251356238698,0.23110151187904968,2
2,20725 – LUNCH BAG RED RETROSPOT → 23355 – HOT WATER BOTTLE KEEP CALM,107,0.04837251356238698,0.22478991596638656,2
2,23298 – SPOTTY BUNTING → 23245 – SET OF 3 REGENCY CAKE TINS,107,0.04837251356238698,0.21616161616161617,2
2,47566 – PARTY BUNTING → 20728 – LUNCH BAG CARS BLUE,107,0.04837251356238698,0.18838028169014084,2
2,21080 – SET/20 RED RETROSPOT PAPER NAPKINS  → 22086 – PAPER CHAIN KIT 50'S CHRISTMAS ,106,0.04792043399638336,0.2969187675070028,2
2,22993 – SET OF 4 PANTRY JELLY MOULDS → 23245 – SET OF 3 REGENCY CAKE TINS,106,0.04792043399638336,0.28418230563002683,2
2,22383 – LUNCH BAG SUKI DESIGN  → 85123A – CREAM HANGING HEART T-LIGHT HOLDER,106,0.04792043399638336,0.2760416666666667,2
2,22666 – RECIPE BOX PANTRY YELLOW DESIGN → 22423 – REGENCY CAKESTAND 3 TIER,106,0.04792043399638336,0.265,2
2,20728 – LUNCH BAG CARS BLUE → 85123A – CREAM HANGING HEART T-LIGHT HOLDER,106,0.04792043399638336,0.2548076923076923,2
2,22960 – JAM MAKING SET WITH JARS → 47566 – PARTY BUNTING,106,0.04792043399638336,0.23399558498896247,2
2,21212 – PACK OF 72 RETROSPOT CAKE CASES → 20728 – LUNCH BAG CARS BLUE,106,0.04792043399638336,0.20152091254752852,2
2,21080 – SET/20 RED RETROSPOT PAPER NAPKINS  → 85099B – JUMBO BAG RED RETROSPOT,105,0.04746835443037975,0.29411764705882354,2
2,22993 – SET OF 4 PANTRY JELLY MOULDS → 22720 – SET OF 3 CAKE TINS PANTRY DESIGN ,105,0.04746835443037975,0.28150134048257375,2
2,22457 – NATURAL SLATE HEART CHALKBOARD  → 22086 – PAPER CHAIN KIT 50'S CHRISTMAS ,105,0.04746835443037975,0.22105263157894736,2
2,23298 – SPOTTY BUNTING → 23355 – HOT WATER BOTTLE KEEP CALM,105,0.04746835443037975,0.21212121212121213,2
2,22720 – SET OF 3 CAKE TINS PANTRY DESIGN  → 22469 – HEART OF WICKER SMALL,105,0.04746835443037975,0.20388349514563106,2
2,21212 – PACK OF 72 RETROSPOT CAKE CASES → 22383 – LUNCH BAG SUKI DESIGN ,105,0.04746835443037975,0.19961977186311788,2
2,21212 – PACK OF 72 RETROSPOT CAKE CASES → 22384 – LUNCH BAG PINK POLKADOT,105,0.04746835443037975,0.19961977186311788,2
2,47566 – PARTY BUNTING → 22384 – LUNCH BAG PINK POLKADOT,105,0.04746835443037975,0.18485915492957747,2
2,22423 – REGENCY CAKESTAND 3 TIER → 20728 – LUNCH BAG CARS BLUE,105,0.04746835443037975,0.15261627906976744,2
2,82482 – WOODEN PICTURE FRAME WHITE FINISH → 22469 – HEART OF WICKER SMALL,104,0.04701627486437613,0.2937853107344633,2
2,22993 – SET OF 4 PANTRY JELLY MOULDS → 23298 – SPOTTY BUNTING,104,0.04701627486437613,0.27882037533512066,2
2,22666 – RECIPE BOX PANTRY YELLOW DESIGN → 22086 – PAPER CHAIN KIT 50'S CHRISTMAS ,104,0.04701627486437613,0.26,2
2,22384 – LUNCH BAG PINK POLKADOT → 22086 – PAPER CHAIN KIT 50'S CHRISTMAS ,104,0.04701627486437613,0.25870646766169153,2
2,22382 – LUNCH BAG SPACEBOY DESIGN  → 22086 – PAPER CHAIN KIT 50'S CHRISTMAS ,104,0.04701627486437613,0.24355971896955503,2
2,22961 – JAM MAKING SET PRINTED → 85123A – CREAM HANGING HEART T-LIGHT HOLDER,104,0.04701627486437613,0.24018475750577367,2
2,23203 – JUMBO BAG VINTAGE DOILY  → 22384 – LUNCH BAG PINK POLKADOT,104,0.04701627486437613,0.23582766439909297,2
2,23203 – JUMBO BAG VINTAGE DOILY  → 22383 – LUNCH BAG SUKI DESIGN ,104,0.04701627486437613,0.23582766439909297,2
2,22960 – JAM MAKING SET WITH JARS → 23203 – JUMBO BAG VINTAGE DOILY ,104,0.04701627486437613,0.22958057395143489,2
2,23298 – SPOTTY BUNTING → 84879 – ASSORTED COLOUR BIRD ORNAMENT,104,0.04701627486437613,0.2101010101010101,2
2,22720 – SET OF 3 CAKE TINS PANTRY DESIGN  → 22960 – JAM MAKING SET WITH JARS,104,0.04701627486437613,0.20194174757281552,2
2,21212 – PACK OF 72 RETROSPOT CAKE CASES → 22961 – JAM MAKING SET PRINTED,104,0.04701627486437613,0.19771863117870722,2
2,85123A – CREAM HANGING HEART T-LIGHT HOLDER → 22666 – RECIPE BOX PANTRY YELLOW DESIGN,104,0.04701627486437613,0.1568627450980392,2
2,22960 – JAM MAKING SET WITH JARS → 22961 – JAM MAKING SET PRINTED,103,0.04656419529837252,0.22737306843267108,2
2,22469 – HEART OF WICKER SMALL → 82482 – WOODEN PICTURE FRAME WHITE FINISH,103,0.04656419529837252,0.2224622030237581,2
2,22469 – HEART OF WICKER SMALL → 23355 – HOT WATER BOTTLE KEEP CALM,103,0.04656419529837252,0.2224622030237581,2
2,20725 – LUNCH BAG RED RETROSPOT → 22423 – REGENCY CAKESTAND 3 TIER,103,0.04656419529837252,0.21638655462184875,2
2,85123A – CREAM HANGING HEART T-LIGHT HOLDER → 22993 – SET OF 4 PANTRY JELLY MOULDS,103,0.04656419529837252,0.15535444947209653,2
2,85123A – CREAM HANGING HEART T-LIGHT HOLDER → 22111 – SCOTTIE DOG HOT WATER BOTTLE,103,0.04656419529837252,0.15535444947209653,2
2,22423 – REGENCY CAKESTAND 3 TIER → 22457 – NATURAL SLATE HEART CHALKBOARD ,103,0.04656419529837252,0.14970930232558138,2
2,22423 – REGENCY CAKESTAND 3 TIER → 82482 – WOODEN PICTURE FRAME WHITE FINISH,103,0.04656419529837252,0.14970930232558138,2
2,22384 – LUNCH BAG PINK POLKADOT → 23355 – HOT WATER BOTTLE KEEP CALM,102,0.0461121157323689,0.2537313432835821,2
2,23209 – LUNCH BAG VINTAGE DOILY  → 22086 – PAPER CHAIN KIT 50'S CHRISTMAS ,102,0.0461121157323689,0.24757281553398058,2
2,22382 – LUNCH BAG SPACEBOY DESIGN  → 85123A – CREAM HANGING HEART T-LIGHT HOLDER,102,0.0461121157323689,0.2388758782201405,2
2,22457 – NATURAL SLATE HEART CHALKBOARD  → 85099B – JUMBO BAG RED RETROSPOT,102,0.0461121157323689,0.21473684210526317,2
2,21212 – PACK OF 72 RETROSPOT CAKE CASES → 23355 – HOT WATER BOTTLE KEEP CALM,102,0.0461121157323689,0.19391634980988592,2
2,85123A – CREAM HANGING HEART T-LIGHT HOLDER → 22910 – PAPER CHAIN KIT VINTAGE CHRISTMAS,102,0.0461121157323689,0.15384615384615385,2
2,22423 – REGENCY CAKESTAND 3 TIER → 20727 – LUNCH BAG  BLACK SKULL.,102,0.0461121157323689,0.14825581395348839,2
2,22384 – LUNCH BAG PINK POLKADOT → 23298 – SPOTTY BUNTING,101,0.045660036166365284,0.2512437810945274,2
2,23203 – JUMBO BAG VINTAGE DOILY  → 23355 – HOT WATER BOTTLE KEEP CALM,101,0.045660036166365284,0.2290249433106576,2
2,23203 – JUMBO BAG VINTAGE DOILY  → 20728 – LUNCH BAG CARS BLUE,101,0.045660036166365284,0.2290249433106576,2
2,47566 – PARTY BUNTING → 23084 – RABBIT NIGHT LIGHT,101,0.045660036166365284,0.17781690140845072,2
2,21080 – SET/20 RED RETROSPOT PAPER NAPKINS  → 85123A – CREAM HANGING HEART T-LIGHT HOLDER,100,0.045207956600361664,0.2801120448179272,2
2,22993 – SET OF 4 PANTRY JELLY MOULDS → 85099B – JUMBO BAG RED RETROSPOT,100,0.045207956600361664,0.2680965147453083,2
2,22993 – SET OF 4 PANTRY JELLY MOULDS → 20725 – LUNCH BAG RED RETROSPOT,100,0.045207956600361664,0.2680965147453083,2
2,22666 – RECIPE BOX PANTRY YELLOW DESIGN → 23298 – SPOTTY BUNTING,100,0.045207956600361664,0.25,2
2,22666 – RECIPE BOX PANTRY YELLOW DESIGN → 23355 – HOT WATER BOTTLE KEEP CALM,100,0.045207956600361664,0.25,2
2,22384 – LUNCH BAG PINK POLKADOT → 47566 – PARTY BUNTING,100,0.045207956600361664,0.24875621890547264,2
2,20727 – LUNCH BAG  BLACK SKULL. → 22086 – PAPER CHAIN KIT 50'S CHRISTMAS ,100,0.045207956600361664,0.24330900243309003,2
2,22960 – JAM MAKING SET WITH JARS → 20725 – LUNCH BAG RED RETROSPOT,100,0.045207956600361664,0.22075055187637968,2
2,22469 – HEART OF WICKER SMALL → 20725 – LUNCH BAG RED RETROSPOT,100,0.045207956600361664,0.2159827213822894,2
2,84991 – 60 TEATIME FAIRY CAKE CASES → 85123A – CREAM HANGING HEART T-LIGHT HOLDER,99,0.044755877034358044,0.2894736842105263,2
2,22993 – SET OF 4 PANTRY JELLY MOULDS → 21212 – PACK OF 72 RETROSPOT CAKE CASES,99,0.044755877034358044,0.26541554959785524,2
2,47566 – PARTY BUNTING → 22457 – NATURAL SLATE HEART CHALKBOARD ,99,0.044755877034358044,0.1742957746478873,2
2,22423 – REGENCY CAKESTAND 3 TIER → 22384 – LUNCH BAG PINK POLKADOT,99,0.044755877034358044,0.1438953488372093,2
2,22969 – HOMEMADE JAM SCENTED CANDLES → 22720 – SET OF 3 CAKE TINS PANTRY DESIGN ,98,0.04430379746835443,0.29429429429429427,2
2,22993 – SET OF 4 PANTRY JELLY MOULDS → 22423 – REGENCY CAKESTAND 3 TIER,98,0.04430379746835443,0.26273458445040215,2
2,22470 – HEART OF WICKER LARGE → 22457 – NATURAL SLATE HEART CHALKBOARD ,98,0.04430379746835443,0.24257425742574257,2
2,22382 – LUNCH BAG SPACEBOY DESIGN  → 23298 – SPOTTY BUNTING,98,0.04430379746835443,0.22950819672131148,2
2,21080 – SET/20 RED RETROSPOT PAPER NAPKINS  → 20727 – LUNCH BAG  BLACK SKULL.,97,0.04385171790235081,0.27170868347338933,2
2,21080 – SET/20 RED RETROSPOT PAPER NAPKINS  → 47566 – PARTY BUNTING,97,0.04385171790235081,0.27170868347338933,2
2,22666 – RECIPE BOX PANTRY YELLOW DESIGN → 23245 – SET OF 3 REGENCY CAKE TINS,97,0.04385171790235081,0.2425,2
2,22470 – HEART OF WICKER LARGE → 84879 – ASSORTED COLOUR BIRD ORNAMENT,97,0.04385171790235081,0.2400990099009901,2
2,22470 – HEART OF WICKER LARGE → 23355 – HOT WATER BOTTLE KEEP CALM,97,0.04385171790235081,0.2400990099009901,2
2,20728 – LUNCH BAG CARS BLUE → 47566 – PARTY BUNTING,97,0.04385171790235081,0.23317307692307693,2
2,20728 – LUNCH BAG CARS BLUE → 23298 – SPOTTY BUNTING,97,0.04385171790235081,0.23317307692307693,2
2,22961 – JAM MAKING SET PRINTED → 22910 – PAPER CHAIN KIT VINTAGE CHRISTMAS,97,0.04385171790235081,0.22401847575057737,2
2,22457 – NATURAL SLATE HEART CHALKBOARD  → 23298 – SPOTTY BUNTING,97,0.04385171790235081,0.20421052631578948,2
2,84879 – ASSORTED COLOUR BIRD ORNAMENT → 22720 – SET OF 3 CAKE TINS PANTRY DESIGN ,97,0.04385171790235081,0.18198874296435272,2
2,85123A – CREAM HANGING HEART T-LIGHT HOLDER → 21034 – REX CASH+CARRY JUMBO SHOPPER,97,0.04385171790235081,0.14630467571644043,2
2,22423 – REGENCY CAKESTAND 3 TIER → 22960 – JAM MAKING SET WITH JARS,97,0.04385171790235081,0.14098837209302326,2
2,22423 – REGENCY CAKESTAND 3 TIER → 22469 – HEART OF WICKER SMALL,97,0.04385171790235081,0.14098837209302326,2
2,22666 – RECIPE BOX PANTRY YELLOW DESIGN → 85099B – JUMBO BAG RED RETROSPOT,96,0.0433996383363472,0.24,2
2,20727 – LUNCH BAG  BLACK SKULL. → 23298 – SPOTTY BUNTING,96,0.0433996383363472,0.23357664233576642,2
2,23209 – LUNCH BAG VINTAGE DOILY  → 23355 – HOT WATER BOTTLE KEEP CALM,96,0.0433996383363472,0.23300970873786409,2
2,22960 – JAM MAKING SET WITH JARS → 85123A – CREAM HANGING HEART T-LIGHT HOLDER,96,0.0433996383363472,0.2119205298013245,2
2,22469 – HEART OF WICKER SMALL → 47566 – PARTY BUNTING,96,0.0433996383363472,0.20734341252699784,2
2,23298 – SPOTTY BUNTING → 22720 – SET OF 3 CAKE TINS PANTRY DESIGN ,96,0.0433996383363472,0.19393939393939394,2
2,23298 – SPOTTY BUNTING → 22423 – REGENCY CAKESTAND 3 TIER,96,0.0433996383363472,0.19393939393939394,2
2,21212 – PACK OF 72 RETROSPOT CAKE CASES → 84879 – ASSORTED COLOUR BIRD ORNAMENT,96,0.0433996383363472,0.18250950570342206,2
2,22423 – REGENCY CAKESTAND 3 TIER → 22383 – LUNCH BAG SUKI DESIGN ,96,0.0433996383363472,0.13953488372093023,2
2,84991 – 60 TEATIME FAIRY CAKE CASES → 85099B – JUMBO BAG RED RETROSPOT,95,0.04294755877034358,0.2777777777777778,2
2,21080 – SET/20 RED RETROSPOT PAPER NAPKINS  → 22423 – REGENCY CAKESTAND 3 TIER,95,0.04294755877034358,0.2661064425770308,2
2,22469 – HEART OF WICKER SMALL → 22423 – REGENCY CAKESTAND 3 TIER,95,0.04294755877034358,0.20518358531317496,2
2,22457 – NATURAL SLATE HEART CHALKBOARD  → 47566 – PARTY BUNTING,95,0.04294755877034358,0.2,2
2,22720 – SET OF 3 CAKE TINS PANTRY DESIGN  → 22457 – NATURAL SLATE HEART CHALKBOARD ,95,0.04294755877034358,0.18446601941747573,2
2,22077 – 6 RIBBONS RUSTIC CHARM → 85123A – CREAM HANGING HEART T-LIGHT HOLDER,94,0.042495479204339964,0.28923076923076924,2
2,82482 – WOODEN PICTURE FRAME WHITE FINISH → 22423 – REGENCY CAKESTAND 3 TIER,94,0.042495479204339964,0.2655367231638418,2
2,22993 – SET OF 4 PANTRY JELLY MOULDS → 23203 – JUMBO BAG VINTAGE DOILY ,94,0.042495479204339964,0.2520107238605898,2
2,22383 – LUNCH BAG SUKI DESIGN  → 47566 – PARTY BUNTING,94,0.042495479204339964,0.24479166666666666,2
2,22470 – HEART OF WICKER LARGE → 82482 – WOODEN PICTURE FRAME WHITE FINISH,94,0.042495479204339964,0.23267326732673269,2
2,20727 – LUNCH BAG  BLACK SKULL. → 23084 – RABBIT NIGHT LIGHT,94,0.042495479204339964,0.22871046228710462,2
2,23298 – SPOTTY BUNTING → 22382 – LUNCH BAG SPACEBOY DESIGN ,94,0.042495479204339964,0.1898989898989899,2
2,23298 – SPOTTY BUNTING → 20727 – LUNCH BAG  BLACK SKULL.,94,0.042495479204339964,0.1898989898989899,2
2,22720 – SET OF 3 CAKE TINS PANTRY DESIGN  → 20728 – LUNCH BAG CARS BLUE,94,0.042495479204339964,0.1825242718446602,2
2,21212 – PACK OF 72 RETROSPOT CAKE CASES → 22077 – 6 RIBBONS RUSTIC CHARM,94,0.042495479204339964,0.17870722433460076,2
2,84879 – ASSORTED COLOUR BIRD ORNAMENT → 23203 – JUMBO BAG VINTAGE DOILY ,94,0.042495479204339964,0.17636022514071295,2
2,47566 – PARTY BUNTING → 22469 – HEART OF WICKER SMALL,94,0.042495479204339964,0.16549295774647887,2
2,85123A – CREAM HANGING HEART T-LIGHT HOLDER → 84991 – 60 TEATIME FAIRY CAKE CASES,94,0.042495479204339964,0.14177978883861236,2
2,22423 – REGENCY CAKESTAND 3 TIER → 22138 – BAKING SET 9 PIECE RETROSPOT ,94,0.042495479204339964,0.13662790697674418,2
2,22423 – REGENCY CAKESTAND 3 TIER → 22139 – RETROSPOT TEA SET CERAMIC 11 PC ,94,0.042495479204339964,0.13662790697674418,2
2,22993 – SET OF 4 PANTRY JELLY MOULDS → 22382 – LUNCH BAG SPACEBOY DESIGN ,93,0.042043399638336344,0.24932975871313673,2
2,20727 – LUNCH BAG  BLACK SKULL. → 47566 – PARTY BUNTING,93,0.042043399638336344,0.22627737226277372,2
2,22961 – JAM MAKING SET PRINTED → 23355 – HOT WATER BOTTLE KEEP CALM,93,0.042043399638336344,0.21478060046189376,2
2,20725 – LUNCH BAG RED RETROSPOT → 21080 – SET/20 RED RETROSPOT PAPER NAPKINS ,93,0.042043399638336344,0.1953781512605042,2
2,20725 – LUNCH BAG RED RETROSPOT → 22910 – PAPER CHAIN KIT VINTAGE CHRISTMAS,93,0.042043399638336344,0.1953781512605042,2
2,23298 – SPOTTY BUNTING → 23084 – RABBIT NIGHT LIGHT,93,0.042043399638336344,0.18787878787878787,2
2,22720 – SET OF 3 CAKE TINS PANTRY DESIGN  → 22384 – LUNCH BAG PINK POLKADOT,93,0.042043399638336344,0.18058252427184465,2
2,85099B – JUMBO BAG RED RETROSPOT → 22720 – SET OF 3 CAKE TINS PANTRY DESIGN ,93,0.042043399638336344,0.17580340264650285,2
2,47566 – PARTY BUNTING → 21080 – SET/20 RED RETROSPOT PAPER NAPKINS ,93,0.042043399638336344,0.1637323943661972,2
2,22969 – HOMEMADE JAM SCENTED CANDLES → 85123A – CREAM HANGING HEART T-LIGHT HOLDER,92,0.04159132007233273,0.27627627627627627,2
2,84991 – 60 TEATIME FAIRY CAKE CASES → 20725 – LUNCH BAG RED RETROSPOT,92,0.04159132007233273,0.26900584795321636,2
2,82482 – WOODEN PICTURE FRAME WHITE FINISH → 84879 – ASSORTED COLOUR BIRD ORNAMENT,92,0.04159132007233273,0.2598870056497175,2
2,22666 – RECIPE BOX PANTRY YELLOW DESIGN → 21212 – PACK OF 72 RETROSPOT CAKE CASES,92,0.04159132007233273,0.23,2
2,22470 – HEART OF WICKER LARGE → 22423 – REGENCY CAKESTAND 3 TIER,92,0.04159132007233273,0.22772277227722773,2
2,20728 – LUNCH BAG CARS BLUE → 23084 – RABBIT NIGHT LIGHT,92,0.04159132007233273,0.22115384615384615,2
2,22960 – JAM MAKING SET WITH JARS → 22910 – PAPER CHAIN KIT VINTAGE CHRISTMAS,92,0.04159132007233273,0.20309050772626933,2
2,22960 – JAM MAKING SET WITH JARS → 22666 – RECIPE BOX PANTRY YELLOW DESIGN,92,0.04159132007233273,0.20309050772626933,2
2,22457 – NATURAL SLATE HEART CHALKBOARD  → 20725 – LUNCH BAG RED RETROSPOT,92,0.04159132007233273,0.1936842105263158,2
2,20725 – LUNCH BAG RED RETROSPOT → 22720 – SET OF 3 CAKE TINS PANTRY DESIGN ,92,0.04159132007233273,0.19327731092436976,2
2,85123A – CREAM HANGING HEART T-LIGHT HOLDER → 21080 – SET/20 RED RETROSPOT PAPER NAPKINS ,92,0.04159132007233273,0.138763197586727,2
2,85123A – CREAM HANGING HEART T-LIGHT HOLDER → 22139 – RETROSPOT TEA SET CERAMIC 11 PC ,92,0.04159132007233273,0.138763197586727,2
2,22699 – ROSES REGENCY TEACUP AND SAUCER  → 47566 – PARTY BUNTING,91,0.04113924050632911,0.26608187134502925,2
2,21080 – SET/20 RED RETROSPOT PAPER NAPKINS  → 22382 – LUNCH BAG SPACEBOY DESIGN ,91,0.04113924050632911,0.2549019607843137,2
2,21080 – SET/20 RED RETROSPOT PAPER NAPKINS  → 23298 – SPOTTY BUNTING,91,0.04113924050632911,0.2549019607843137,2
2,22993 – SET OF 4 PANTRY JELLY MOULDS → 47566 – PARTY BUNTING,91,0.04113924050632911,0.24396782841823056,2
2,22383 – LUNCH BAG SUKI DESIGN  → 22086 – PAPER CHAIN KIT 50'S CHRISTMAS ,91,0.04113924050632911,0.23697916666666666,2
2,22666 – RECIPE BOX PANTRY YELLOW DESIGN → 23209 – LUNCH BAG VINTAGE DOILY ,91,0.04113924050632911,0.2275,2
2,20727 – LUNCH BAG  BLACK SKULL. → 21212 – PACK OF 72 RETROSPOT CAKE CASES,91,0.04113924050632911,0.22141119221411193,2
2,22961 – JAM MAKING SET PRINTED → 22666 – RECIPE BOX PANTRY YELLOW DESIGN,91,0.04113924050632911,0.21016166281755197,2
2,22720 – SET OF 3 CAKE TINS PANTRY DESIGN  → 22961 – JAM MAKING SET PRINTED,91,0.04113924050632911,0.1766990291262136,2
2,22720 – SET OF 3 CAKE TINS PANTRY DESIGN  → 22382 – LUNCH BAG SPACEBOY DESIGN ,91,0.04113924050632911,0.1766990291262136,2
2,21212 – PACK OF 72 RETROSPOT CAKE CASES → 23084 – RABBIT NIGHT LIGHT,91,0.04113924050632911,0.17300380228136883,2
2,21212 – PACK OF 72 RETROSPOT CAKE CASES → 22138 – BAKING SET 9 PIECE RETROSPOT ,91,0.04113924050632911,0.17300380228136883,2
2,84879 – ASSORTED COLOUR BIRD ORNAMENT → 85099B – JUMBO BAG RED RETROSPOT,91,0.04113924050632911,0.17073170731707318,2
2,84879 – ASSORTED COLOUR BIRD ORNAMENT → 23355 – HOT WATER BOTTLE KEEP CALM,91,0.04113924050632911,0.17073170731707318,2
2,22423 – REGENCY CAKESTAND 3 TIER → 22666 – RECIPE BOX PANTRY YELLOW DESIGN,91,0.04113924050632911,0.13226744186046513,2
2,22423 – REGENCY CAKESTAND 3 TIER → 22961 – JAM MAKING SET PRINTED,91,0.04113924050632911,0.13226744186046513,2
2,22423 – REGENCY CAKESTAND 3 TIER → 22111 – SCOTTIE DOG HOT WATER BOTTLE,91,0.04113924050632911,0.13226744186046513,2
2,21080 – SET/20 RED RETROSPOT PAPER NAPKINS  → 23209 – LUNCH BAG VINTAGE DOILY ,90,0.0406871609403255,0.25210084033613445,2
2,22383 – LUNCH BAG SUKI DESIGN  → 23355 – HOT WATER BOTTLE KEEP CALM,90,0.0406871609403255,0.234375,2
2,22470 – HEART OF WICKER LARGE → 85099B – JUMBO BAG RED RETROSPOT,90,0.0406871609403255,0.22277227722772278,2
2,23209 – LUNCH BAG VINTAGE DOILY  → 23084 – RABBIT NIGHT LIGHT,90,0.0406871609403255,0.21844660194174756,2
2,23203 – JUMBO BAG VINTAGE DOILY  → 23298 – SPOTTY BUNTING,90,0.0406871609403255,0.20408163265306123,2
2,22469 – HEART OF WICKER SMALL → 23209 – LUNCH BAG VINTAGE DOILY ,90,0.0406871609403255,0.19438444924406048,2
2,22457 – NATURAL SLATE HEART CHALKBOARD  → 23355 – HOT WATER BOTTLE KEEP CALM,90,0.0406871609403255,0.18947368421052632,2
2,22086 – PAPER CHAIN KIT 50'S CHRISTMAS  → 23355 – HOT WATER BOTTLE KEEP CALM,90,0.0406871609403255,0.18036072144288579,2
2,22720 – SET OF 3 CAKE TINS PANTRY DESIGN  → 22910 – PAPER CHAIN KIT VINTAGE CHRISTMAS,90,0.0406871609403255,0.17475728155339806,2
2,21212 – PACK OF 72 RETROSPOT CAKE CASES → 22666 – RECIPE BOX PANTRY YELLOW DESIGN,90,0.0406871609403255,0.17110266159695817,2
2,84879 – ASSORTED COLOUR BIRD ORNAMENT → 84946 – ANTIQUE SILVER T-LIGHT GLASS,90,0.0406871609403255,0.16885553470919323,2
2,84879 – ASSORTED COLOUR BIRD ORNAMENT → 23209 – LUNCH BAG VINTAGE DOILY ,90,0.0406871609403255,0.16885553470919323,2
2,85123A – CREAM HANGING HEART T-LIGHT HOLDER → 22699 – ROSES REGENCY TEACUP AND SAUCER ,90,0.0406871609403255,0.13574660633484162,2
2,22423 – REGENCY CAKESTAND 3 TIER → 21080 – SET/20 RED RETROSPOT PAPER NAPKINS ,90,0.0406871609403255,0.1308139534883721,2
2,82482 – WOODEN PICTURE FRAME WHITE FINISH → 22470 – HEART OF WICKER LARGE,89,0.04023508137432188,0.2514124293785311,2
2,22666 – RECIPE BOX PANTRY YELLOW DESIGN → 23203 – JUMBO BAG VINTAGE DOILY ,89,0.04023508137432188,0.2225,2
2,22384 – LUNCH BAG PINK POLKADOT → 21212 – PACK OF 72 RETROSPOT CAKE CASES,89,0.04023508137432188,0.22139303482587064,2
2,23245 – SET OF 3 REGENCY CAKE TINS → 22086 – PAPER CHAIN KIT 50'S CHRISTMAS ,89,0.04023508137432188,0.2181372549019608,2
2,22138 – BAKING SET 9 PIECE RETROSPOT  → 22139 – RETROSPOT TEA SET CERAMIC 11 PC ,89,0.04023508137432188,0.20794392523364486,2
2,22961 – JAM MAKING SET PRINTED → 20728 – LUNCH BAG CARS BLUE,89,0.04023508137432188,0.20554272517321015,2
2,22469 – HEART OF WICKER SMALL → 22086 – PAPER CHAIN KIT 50'S CHRISTMAS ,89,0.04023508137432188,0.19222462203023757,2
2,22457 – NATURAL SLATE HEART CHALKBOARD  → 22384 – LUNCH BAG PINK POLKADOT,89,0.04023508137432188,0.18736842105263157,2
2,85099B – JUMBO BAG RED RETROSPOT → 22910 – PAPER CHAIN KIT VINTAGE CHRISTMAS,89,0.04023508137432188,0.16824196597353497,2
2,84879 – ASSORTED COLOUR BIRD ORNAMENT → 82482 – WOODEN PICTURE FRAME WHITE FINISH,89,0.04023508137432188,0.1669793621013133,2
2,47566 – PARTY BUNTING → 22139 – RETROSPOT TEA SET CERAMIC 11 PC ,89,0.04023508137432188,0.15669014084507044,2
2,22077 – 6 RIBBONS RUSTIC CHARM → 22086 – PAPER CHAIN KIT 50'S CHRISTMAS ,88,0.039783001808318265,0.27076923076923076,2
2,22699 – ROSES REGENCY TEACUP AND SAUCER  → 23298 – SPOTTY BUNTING,88,0.039783001808318265,0.2573099415204678,2
2,84991 – 60 TEATIME FAIRY CAKE CASES → 23209 – LUNCH BAG VINTAGE DOILY ,88,0.039783001808318265,0.2573099415204678,2
2,21080 – SET/20 RED RETROSPOT PAPER NAPKINS  → 23203 – JUMBO BAG VINTAGE DOILY ,88,0.039783001808318265,0.24649859943977592,2
2,22993 – SET OF 4 PANTRY JELLY MOULDS → 85123A – CREAM HANGING HEART T-LIGHT HOLDER,88,0.039783001808318265,0.2359249329758713,2
2,22383 – LUNCH BAG SUKI DESIGN  → 23084 – RABBIT NIGHT LIGHT,88,0.039783001808318265,0.22916666666666666,2
2,22383 – LUNCH BAG SUKI DESIGN  → 23298 – SPOTTY BUNTING,88,0.039783001808318265,0.22916666666666666,2
2,22470 – HEART OF WICKER LARGE → 23298 – SPOTTY BUNTING,88,0.039783001808318265,0.21782178217821782,2
2,23209 – LUNCH BAG VINTAGE DOILY  → 23298 – SPOTTY BUNTING,88,0.039783001808318265,0.21359223300970873,2
2,22382 – LUNCH BAG SPACEBOY DESIGN  → 22423 – REGENCY CAKESTAND 3 TIER,88,0.039783001808318265,0.20608899297423888,2
2,22469 – HEART OF WICKER SMALL → 22720 – SET OF 3 CAKE TINS PANTRY DESIGN ,88,0.039783001808318265,0.1900647948164147,2
2,20725 – LUNCH BAG RED RETROSPOT → 23245 – SET OF 3 REGENCY CAKE TINS,88,0.039783001808318265,0.18487394957983194,2
2,23298 – SPOTTY BUNTING → 22384 – LUNCH BAG PINK POLKADOT,88,0.039783001808318265,0.17777777777777778,2
2,22720 – SET OF 3 CAKE TINS PANTRY DESIGN  → 20727 – LUNCH BAG  BLACK SKULL.,88,0.039783001808318265,0.170873786407767,2
2,21212 – PACK OF 72 RETROSPOT CAKE CASES → 22139 – RETROSPOT TEA SET CERAMIC 11 PC ,88,0.039783001808318265,0.16730038022813687,2
2,85099B – JUMBO BAG RED RETROSPOT → 23245 – SET OF 3 REGENCY CAKE TINS,88,0.039783001808318265,0.166351606805293,2
2,47566 – PARTY BUNTING → 22138 – BAKING SET 9 PIECE RETROSPOT ,88,0.039783001808318265,0.15492957746478872,2
2,22423 – REGENCY CAKESTAND 3 TIER → 84946 – ANTIQUE SILVER T-LIGHT GLASS,88,0.039783001808318265,0.12790697674418605,2
2,22077 – 6 RIBBONS RUSTIC CHARM → 47566 – PARTY BUNTING,87,0.039330922242314645,0.2676923076923077,2
2,22969 – HOMEMADE JAM SCENTED CANDLES → 85099B – JUMBO BAG RED RETROSPOT,87,0.039330922242314645,0.26126126126126126,2
2,84991 – 60 TEATIME FAIRY CAKE CASES → 22086 – PAPER CHAIN KIT 50'S CHRISTMAS ,87,0.039330922242314645,0.2543859649122807,2
2,82482 – WOODEN PICTURE FRAME WHITE FINISH → 23355 – HOT WATER BOTTLE KEEP CALM,87,0.039330922242314645,0.2457627118644068,2
2,21080 – SET/20 RED RETROSPOT PAPER NAPKINS  → 22384 – LUNCH BAG PINK POLKADOT,87,0.039330922242314645,0.24369747899159663,2
2,22993 – SET OF 4 PANTRY JELLY MOULDS → 20728 – LUNCH BAG CARS BLUE,87,0.039330922242314645,0.23324396782841822,2
2,22139 – RETROSPOT TEA SET CERAMIC 11 PC  → 22138 – BAKING SET 9 PIECE RETROSPOT ,87,0.039330922242314645,0.23015873015873015,2
2,22666 – RECIPE BOX PANTRY YELLOW DESIGN → 47566 – PARTY BUNTING,87,0.039330922242314645,0.2175,2
2,20727 – LUNCH BAG  BLACK SKULL. → 23355 – HOT WATER BOTTLE KEEP CALM,87,0.039330922242314645,0.2116788321167883,2
2,20728 – LUNCH BAG CARS BLUE → 21212 – PACK OF 72 RETROSPOT CAKE CASES,87,0.039330922242314645,0.2091346153846154,2
2,22961 – JAM MAKING SET PRINTED → 22384 – LUNCH BAG PINK POLKADOT,87,0.039330922242314645,0.20092378752886836,2
2,22960 – JAM MAKING SET WITH JARS → 22384 – LUNCH BAG PINK POLKADOT,87,0.039330922242314645,0.19205298013245034,2
2,22457 – NATURAL SLATE HEART CHALKBOARD  → 22720 – SET OF 3 CAKE TINS PANTRY DESIGN ,87,0.039330922242314645,0.1831578947368421,2
2,22457 – NATURAL SLATE HEART CHALKBOARD  → 82482 – WOODEN PICTURE FRAME WHITE FINISH,87,0.039330922242314645,0.1831578947368421,2
2,84879 – ASSORTED COLOUR BIRD ORNAMENT → 23084 – RABBIT NIGHT LIGHT,87,0.039330922242314645,0.16322701688555347,2
2,85123A – CREAM HANGING HEART T-LIGHT HOLDER → 22138 – BAKING SET 9 PIECE RETROSPOT ,87,0.039330922242314645,0.13122171945701358,2
2,21034 – REX CASH+CARRY JUMBO SHOPPER → 85123A – CREAM HANGING HEART T-LIGHT HOLDER,86,0.03887884267631103,0.25443786982248523,2
2,84991 – 60 TEATIME FAIRY CAKE CASES → 23298 – SPOTTY BUNTING,86,0.03887884267631103,0.25146198830409355,2
2,82482 – WOODEN PICTURE FRAME WHITE FINISH → 47566 – PARTY BUNTING,86,0.03887884267631103,0.24293785310734464,2
2,22993 – SET OF 4 PANTRY JELLY MOULDS → 22666 – RECIPE BOX PANTRY YELLOW DESIGN,86,0.03887884267631103,0.23056300268096513,2
2,22993 – SET OF 4 PANTRY JELLY MOULDS → 22961 – JAM MAKING SET PRINTED,86,0.03887884267631103,0.23056300268096513,2
2,22666 – RECIPE BOX PANTRY YELLOW DESIGN → 20725 – LUNCH BAG RED RETROSPOT,86,0.03887884267631103,0.215,2
2,22470 – HEART OF WICKER LARGE → 20725 – LUNCH BAG RED RETROSPOT,86,0.03887884267631103,0.21287128712871287,2
2,23245 – SET OF 3 REGENCY CAKE TINS → 23355 – HOT WATER BOTTLE KEEP CALM,86,0.03887884267631103,0.2107843137254902,2
2,22382 – LUNCH BAG SPACEBOY DESIGN  → 23355 – HOT WATER BOTTLE KEEP CALM,86,0.03887884267631103,0.20140515222482436,2
2,23203 – JUMBO BAG VINTAGE DOILY  → 22910 – PAPER CHAIN KIT VINTAGE CHRISTMAS,86,0.03887884267631103,0.19501133786848074,2
2,22960 – JAM MAKING SET WITH JARS → 22382 – LUNCH BAG SPACEBOY DESIGN ,86,0.03887884267631103,0.18984547461368653,2
2,22469 – HEART OF WICKER SMALL → 22384 – LUNCH BAG PINK POLKADOT,86,0.03887884267631103,0.1857451403887689,2
2,20725 – LUNCH BAG RED RETROSPOT → 22139 – RETROSPOT TEA SET CERAMIC 11 PC ,86,0.03887884267631103,0.18067226890756302,2
2,21212 – PACK OF 72 RETROSPOT CAKE CASES → 22469 – HEART OF WICKER SMALL,86,0.03887884267631103,0.1634980988593156,2
2,84879 – ASSORTED COLOUR BIRD ORNAMENT → 20725 – LUNCH BAG RED RETROSPOT,86,0.03887884267631103,0.16135084427767354,2
2,84879 – ASSORTED COLOUR BIRD ORNAMENT → 22910 – PAPER CHAIN KIT VINTAGE CHRISTMAS,86,0.03887884267631103,0.16135084427767354,2
2,47566 – PARTY BUNTING → 82482 – WOODEN PICTURE FRAME WHITE FINISH,86,0.03887884267631103,0.15140845070422534,2
2,22969 – HOMEMADE JAM SCENTED CANDLES → 47566 – PARTY BUNTING,85,0.03842676311030741,0.2552552552552553,2
2,22699 – ROSES REGENCY TEACUP AND SAUCER  → 85123A – CREAM HANGING HEART T-LIGHT HOLDER,85,0.03842676311030741,0.24853801169590642,2
2,21080 – SET/20 RED RETROSPOT PAPER NAPKINS  → 22383 – LUNCH BAG SUKI DESIGN ,85,0.03842676311030741,0.23809523809523808,2
2,21080 – SET/20 RED RETROSPOT PAPER NAPKINS  → 20728 – LUNCH BAG CARS BLUE,85,0.03842676311030741,0.23809523809523808,2
2,22383 – LUNCH BAG SUKI DESIGN  → 21212 – PACK OF 72 RETROSPOT CAKE CASES,85,0.03842676311030741,0.22135416666666666,2
2,22666 – RECIPE BOX PANTRY YELLOW DESIGN → 22960 – JAM MAKING SET WITH JARS,85,0.03842676311030741,0.2125,2
2,22666 – RECIPE BOX PANTRY YELLOW DESIGN → 22961 – JAM MAKING SET PRINTED,85,0.03842676311030741,0.2125,2
2,23209 – LUNCH BAG VINTAGE DOILY  → 22910 – PAPER CHAIN KIT VINTAGE CHRISTMAS,85,0.03842676311030741,0.20631067961165048,2
2,20728 – LUNCH BAG CARS BLUE → 22423 – REGENCY CAKESTAND 3 TIER,85,0.03842676311030741,0.20432692307692307,2
2,22382 – LUNCH BAG SPACEBOY DESIGN  → 21212 – PACK OF 72 RETROSPOT CAKE CASES,85,0.03842676311030741,0.1990632318501171,2
2,22382 – LUNCH BAG SPACEBOY DESIGN  → 47566 – PARTY BUNTING,85,0.03842676311030741,0.1990632318501171,2
2,22961 – JAM MAKING SET PRINTED → 22382 – LUNCH BAG SPACEBOY DESIGN ,85,0.03842676311030741,0.19630484988452657,2
2,23203 – JUMBO BAG VINTAGE DOILY  → 23084 – RABBIT NIGHT LIGHT,85,0.03842676311030741,0.1927437641723356,2
2,22960 – JAM MAKING SET WITH JARS → 23355 – HOT WATER BOTTLE KEEP CALM,85,0.03842676311030741,0.18763796909492272,2
2,22469 – HEART OF WICKER SMALL → 20727 – LUNCH BAG  BLACK SKULL.,85,0.03842676311030741,0.183585313174946,2
2,22086 – PAPER CHAIN KIT 50'S CHRISTMAS  → 85099B – JUMBO BAG RED RETROSPOT,85,0.03842676311030741,0.17034068136272545,2
2,22720 – SET OF 3 CAKE TINS PANTRY DESIGN  → 23084 – RABBIT NIGHT LIGHT,85,0.03842676311030741,0.1650485436893204,2
2,22720 – SET OF 3 CAKE TINS PANTRY DESIGN  → 22383 – LUNCH BAG SUKI DESIGN ,85,0.03842676311030741,0.1650485436893204,2
2,21212 – PACK OF 72 RETROSPOT CAKE CASES → 22960 – JAM MAKING SET WITH JARS,85,0.03842676311030741,0.16159695817490494,2
2,85099B – JUMBO BAG RED RETROSPOT → 84879 – ASSORTED COLOUR BIRD ORNAMENT,85,0.03842676311030741,0.16068052930056712,2
2,84879 – ASSORTED COLOUR BIRD ORNAMENT → 22470 – HEART OF WICKER LARGE,85,0.03842676311030741,0.15947467166979362,2
2,47566 – PARTY BUNTING → 22993 – SET OF 4 PANTRY JELLY MOULDS,85,0.03842676311030741,0.14964788732394366,2
2,85123A – CREAM HANGING HEART T-LIGHT HOLDER → 84946 – ANTIQUE SILVER T-LIGHT GLASS,85,0.03842676311030741,0.1282051282051282,2
2,85123A – CREAM HANGING HEART T-LIGHT HOLDER → 22960 – JAM MAKING SET WITH JARS,85,0.03842676311030741,0.1282051282051282,2
2,22969 – HOMEMADE JAM SCENTED CANDLES → 23298 – SPOTTY BUNTING,84,0.0379746835443038,0.25225225225225223,2
2,84991 – 60 TEATIME FAIRY CAKE CASES → 23203 – JUMBO BAG VINTAGE DOILY ,84,0.0379746835443038,0.24561403508771928,2
2,22111 – SCOTTIE DOG HOT WATER BOTTLE → 85123A – CREAM HANGING HEART T-LIGHT HOLDER,84,0.0379746835443038,0.2441860465116279,2
2,21080 – SET/20 RED RETROSPOT PAPER NAPKINS  → 23355 – HOT WATER BOTTLE KEEP CALM,84,0.0379746835443038,0.23529411764705882,2
2,22993 – SET OF 4 PANTRY JELLY MOULDS → 23355 – HOT WATER BOTTLE KEEP CALM,84,0.0379746835443038,0.225201072386059,2
2,22993 – SET OF 4 PANTRY JELLY MOULDS → 22910 – PAPER CHAIN KIT VINTAGE CHRISTMAS,84,0.0379746835443038,0.225201072386059,2
2,22666 – RECIPE BOX PANTRY YELLOW DESIGN → 20728 – LUNCH BAG CARS BLUE,84,0.0379746835443038,0.21,2
2,22470 – HEART OF WICKER LARGE → 22086 – PAPER CHAIN KIT 50'S CHRISTMAS ,84,0.0379746835443038,0.2079207920792079,2
2,23203 – JUMBO BAG VINTAGE DOILY  → 23245 – SET OF 3 REGENCY CAKE TINS,84,0.0379746835443038,0.19047619047619047,2
2,23203 – JUMBO BAG VINTAGE DOILY  → 85123A – CREAM HANGING HEART T-LIGHT HOLDER,84,0.0379746835443038,0.19047619047619047,2
2,22457 – NATURAL SLATE HEART CHALKBOARD  → 20727 – LUNCH BAG  BLACK SKULL.,84,0.0379746835443038,0.17684210526315788,2
2,22720 – SET OF 3 CAKE TINS PANTRY DESIGN  → 21080 – SET/20 RED RETROSPOT PAPER NAPKINS ,84,0.0379746835443038,0.16310679611650486,2
2,22720 – SET OF 3 CAKE TINS PANTRY DESIGN  → 22139 – RETROSPOT TEA SET CERAMIC 11 PC ,84,0.0379746835443038,0.16310679611650486,2
2,85099B – JUMBO BAG RED RETROSPOT → 21080 – SET/20 RED RETROSPOT PAPER NAPKINS ,84,0.0379746835443038,0.15879017013232513,2
2,84879 – ASSORTED COLOUR BIRD ORNAMENT → 22469 – HEART OF WICKER SMALL,84,0.0379746835443038,0.1575984990619137,2
2,84879 – ASSORTED COLOUR BIRD ORNAMENT → 22457 – NATURAL SLATE HEART CHALKBOARD ,84,0.0379746835443038,0.1575984990619137,2
2,47566 – PARTY BUNTING → 22699 – ROSES REGENCY TEACUP AND SAUCER ,84,0.0379746835443038,0.14788732394366197,2
2,47566 – PARTY BUNTING → 22470 – HEART OF WICKER LARGE,84,0.0379746835443038,0.14788732394366197,2
2,22699 – ROSES REGENCY TEACUP AND SAUCER  → 84879 – ASSORTED COLOUR BIRD ORNAMENT,83,0.03752260397830018,0.24269005847953215,2
2,22666 – RECIPE BOX PANTRY YELLOW DESIGN → 22384 – LUNCH BAG PINK POLKADOT,83,0.03752260397830018,0.2075,2
2,22382 – LUNCH BAG SPACEBOY DESIGN  → 22910 – PAPER CHAIN KIT VINTAGE CHRISTMAS,83,0.03752260397830018,0.19437939110070257,2
2,22138 – BAKING SET 9 PIECE RETROSPOT  → 22423 – REGENCY CAKESTAND 3 TIER,83,0.03752260397830018,0.1939252336448598,2
2,22138 – BAKING SET 9 PIECE RETROSPOT  → 23084 – RABBIT NIGHT LIGHT,83,0.03752260397830018,0.1939252336448598,2
2,22961 – JAM MAKING SET PRINTED → 23084 – RABBIT NIGHT LIGHT,83,0.03752260397830018,0.19168591224018475,2
2,22961 – JAM MAKING SET PRINTED → 20727 – LUNCH BAG  BLACK SKULL.,83,0.03752260397830018,0.19168591224018475,2
2,22961 – JAM MAKING SET PRINTED → 84879 – ASSORTED COLOUR BIRD ORNAMENT,83,0.03752260397830018,0.19168591224018475,2
2,22469 – HEART OF WICKER SMALL → 22383 – LUNCH BAG SUKI DESIGN ,83,0.03752260397830018,0.17926565874730022,2
2,22457 – NATURAL SLATE HEART CHALKBOARD  → 22382 – LUNCH BAG SPACEBOY DESIGN ,83,0.03752260397830018,0.17473684210526316,2
2,23298 – SPOTTY BUNTING → 22383 – LUNCH BAG SUKI DESIGN ,83,0.03752260397830018,0.16767676767676767,2
2,23298 – SPOTTY BUNTING → 20728 – LUNCH BAG CARS BLUE,83,0.03752260397830018,0.16767676767676767,2
2,22720 – SET OF 3 CAKE TINS PANTRY DESIGN  → 82482 – WOODEN PICTURE FRAME WHITE FINISH,83,0.03752260397830018,0.16116504854368932,2
2,84879 – ASSORTED COLOUR BIRD ORNAMENT → 21212 – PACK OF 72 RETROSPOT CAKE CASES,83,0.03752260397830018,0.15572232645403378,2
2,85123A – CREAM HANGING HEART T-LIGHT HOLDER → 23084 – RABBIT NIGHT LIGHT,83,0.03752260397830018,0.12518853695324283,2
2,22423 – REGENCY CAKESTAND 3 TIER → 84991 – 60 TEATIME FAIRY CAKE CASES,83,0.03752260397830018,0.12063953488372094,2
2,22423 – REGENCY CAKESTAND 3 TIER → 22470 – HEART OF WICKER LARGE,83,0.03752260397830018,0.12063953488372094,2
2,22969 – HOMEMADE JAM SCENTED CANDLES → 23245 – SET OF 3 REGENCY CAKE TINS,82,0.037070524412296565,0.24624624624624625,2
2,84991 – 60 TEATIME FAIRY CAKE CASES → 22423 – REGENCY CAKESTAND 3 TIER,82,0.037070524412296565,0.23976608187134502,2
2,84991 – 60 TEATIME FAIRY CAKE CASES → 22382 – LUNCH BAG SPACEBOY DESIGN ,82,0.037070524412296565,0.23976608187134502,2
2,22993 – SET OF 4 PANTRY JELLY MOULDS → 23084 – RABBIT NIGHT LIGHT,82,0.037070524412296565,0.21983914209115282,2
2,22993 – SET OF 4 PANTRY JELLY MOULDS → 22384 – LUNCH BAG PINK POLKADOT,82,0.037070524412296565,0.21983914209115282,2
2,22666 – RECIPE BOX PANTRY YELLOW DESIGN → 84879 – ASSORTED COLOUR BIRD ORNAMENT,82,0.037070524412296565,0.205,2
2,20728 – LUNCH BAG CARS BLUE → 22910 – PAPER CHAIN KIT VINTAGE CHRISTMAS,82,0.037070524412296565,0.1971153846153846,2
2,23203 – JUMBO BAG VINTAGE DOILY  → 22423 – REGENCY CAKESTAND 3 TIER,82,0.037070524412296565,0.18594104308390022,2
2,22960 – JAM MAKING SET WITH JARS → 20728 – LUNCH BAG CARS BLUE,82,0.037070524412296565,0.18101545253863136,2
2,20725 – LUNCH BAG RED RETROSPOT → 22138 – BAKING SET 9 PIECE RETROSPOT ,82,0.037070524412296565,0.1722689075630252,2
2,22720 – SET OF 3 CAKE TINS PANTRY DESIGN  → 22470 – HEART OF WICKER LARGE,82,0.037070524412296565,0.15922330097087378,2
2,85099B – JUMBO BAG RED RETROSPOT → 22993 – SET OF 4 PANTRY JELLY MOULDS,82,0.037070524412296565,0.15500945179584122,2
2,22423 – REGENCY CAKESTAND 3 TIER → 22077 – 6 RIBBONS RUSTIC CHARM,82,0.037070524412296565,0.11918604651162791,2
2,22969 – HOMEMADE JAM SCENTED CANDLES → 23355 – HOT WATER BOTTLE KEEP CALM,81,0.036618444846292945,0.24324324324324326,2
2,84991 – 60 TEATIME FAIRY CAKE CASES → 20728 – LUNCH BAG CARS BLUE,81,0.036618444846292945,0.23684210526315788,2
2,82482 – WOODEN PICTURE FRAME WHITE FINISH → 23298 – SPOTTY BUNTING,81,0.036618444846292945,0.2288135593220339,2
2,22993 – SET OF 4 PANTRY JELLY MOULDS → 22960 – JAM MAKING SET WITH JARS,81,0.036618444846292945,0.21715817694369974,2
2,22139 – RETROSPOT TEA SET CERAMIC 11 PC  → 22382 – LUNCH BAG SPACEBOY DESIGN ,81,0.036618444846292945,0.21428571428571427,2
2,23209 – LUNCH BAG VINTAGE DOILY  → 23245 – SET OF 3 REGENCY CAKE TINS,81,0.036618444846292945,0.1966019417475728,2
2,22961 – JAM MAKING SET PRINTED → 22383 – LUNCH BAG SUKI DESIGN ,81,0.036618444846292945,0.18706697459584296,2
2,22960 – JAM MAKING SET WITH JARS → 84879 – ASSORTED COLOUR BIRD ORNAMENT,81,0.036618444846292945,0.17880794701986755,2
2,22457 – NATURAL SLATE HEART CHALKBOARD  → 23203 – JUMBO BAG VINTAGE DOILY ,81,0.036618444846292945,0.1705263157894737,2
2,22457 – NATURAL SLATE HEART CHALKBOARD  → 23245 – SET OF 3 REGENCY CAKE TINS,81,0.036618444846292945,0.1705263157894737,2
2,22457 – NATURAL SLATE HEART CHALKBOARD  → 22910 – PAPER CHAIN KIT VINTAGE CHRISTMAS,81,0.036618444846292945,0.1705263157894737,2
2,22086 – PAPER CHAIN KIT 50'S CHRISTMAS  → 85123A – CREAM HANGING HEART T-LIGHT HOLDER,81,0.036618444846292945,0.1623246492985972,2
2,22969 – HOMEMADE JAM SCENTED CANDLES → 22086 – PAPER CHAIN KIT 50'S CHRISTMAS ,80,0.03616636528028933,0.24024024024024024,2
2,22699 – ROSES REGENCY TEACUP AND SAUCER  → 23355 – HOT WATER BOTTLE KEEP CALM,80,0.03616636528028933,0.23391812865497075,2
2,84991 – 60 TEATIME FAIRY CAKE CASES → 22720 – SET OF 3 CAKE TINS PANTRY DESIGN ,80,0.03616636528028933,0.23391812865497075,2
2,84991 – 60 TEATIME FAIRY CAKE CASES → 20727 – LUNCH BAG  BLACK SKULL.,80,0.03616636528028933,0.23391812865497075,2
2,84991 – 60 TEATIME FAIRY CAKE CASES → 22383 – LUNCH BAG SUKI DESIGN ,80,0.03616636528028933,0.23391812865497075,2
2,21790 – VINTAGE SNAP CARDS → 22086 – PAPER CHAIN KIT 50'S CHRISTMAS ,80,0.03616636528028933,0.22662889518413598,2
2,82482 – WOODEN PICTURE FRAME WHITE FINISH → 22720 – SET OF 3 CAKE TINS PANTRY DESIGN ,80,0.03616636528028933,0.22598870056497175,2
2,82482 – WOODEN PICTURE FRAME WHITE FINISH → 22457 – NATURAL SLATE HEART CHALKBOARD ,80,0.03616636528028933,0.22598870056497175,2
2,21080 – SET/20 RED RETROSPOT PAPER NAPKINS  → 22910 – PAPER CHAIN KIT VINTAGE CHRISTMAS,80,0.03616636528028933,0.22408963585434175,2
2,22993 – SET OF 4 PANTRY JELLY MOULDS → 22383 – LUNCH BAG SUKI DESIGN ,80,0.03616636528028933,0.21447721179624665,2
2,22139 – RETROSPOT TEA SET CERAMIC 11 PC  → 20725 – LUNCH BAG RED RETROSPOT,80,0.03616636528028933,0.21164021164021163,2
2,22139 – RETROSPOT TEA SET CERAMIC 11 PC  → 22086 – PAPER CHAIN KIT 50'S CHRISTMAS ,80,0.03616636528028933,0.21164021164021163,2
2,22666 – RECIPE BOX PANTRY YELLOW DESIGN → 22382 – LUNCH BAG SPACEBOY DESIGN ,80,0.03616636528028933,0.2,2
2,22470 – HEART OF WICKER LARGE → 22384 – LUNCH BAG PINK POLKADOT,80,0.03616636528028933,0.19801980198019803,2
2,23245 – SET OF 3 REGENCY CAKE TINS → 22720 – SET OF 3 CAKE TINS PANTRY DESIGN ,80,0.03616636528028933,0.19607843137254902,2
2,23209 – LUNCH BAG VINTAGE DOILY  → 85123A – CREAM HANGING HEART T-LIGHT HOLDER,80,0.03616636528028933,0.1941747572815534,2
2,22961 – JAM MAKING SET PRINTED → 22457 – NATURAL SLATE HEART CHALKBOARD ,80,0.03616636528028933,0.18475750577367206,2
2,22960 – JAM MAKING SET WITH JARS → 22457 – NATURAL SLATE HEART CHALKBOARD ,80,0.03616636528028933,0.17660044150110377,2
2,22469 – HEART OF WICKER SMALL → 20728 – LUNCH BAG CARS BLUE,80,0.03616636528028933,0.17278617710583152,2
2,23298 – SPOTTY BUNTING → 21212 – PACK OF 72 RETROSPOT CAKE CASES,80,0.03616636528028933,0.16161616161616163,2
2,23298 – SPOTTY BUNTING → 22469 – HEART OF WICKER SMALL,80,0.03616636528028933,0.16161616161616163,2
2,22086 – PAPER CHAIN KIT 50'S CHRISTMAS  → 23084 – RABBIT NIGHT LIGHT,80,0.03616636528028933,0.16032064128256512,2
2,22720 – SET OF 3 CAKE TINS PANTRY DESIGN  → 84991 – 60 TEATIME FAIRY CAKE CASES,80,0.03616636528028933,0.1553398058252427,2
2,21212 – PACK OF 72 RETROSPOT CAKE CASES → 22457 – NATURAL SLATE HEART CHALKBOARD ,80,0.03616636528028933,0.1520912547528517,2
2,85099B – JUMBO BAG RED RETROSPOT → 22470 – HEART OF WICKER LARGE,80,0.03616636528028933,0.15122873345935728,2
2,84879 – ASSORTED COLOUR BIRD ORNAMENT → 22699 – ROSES REGENCY TEACUP AND SAUCER ,80,0.03616636528028933,0.150093808630394,2
2,85123A – CREAM HANGING HEART T-LIGHT HOLDER → 22077 – 6 RIBBONS RUSTIC CHARM,80,0.03616636528028933,0.12066365007541478,2
2,22077 – 6 RIBBONS RUSTIC CHARM → 23298 – SPOTTY BUNTING,79,0.03571428571428571,0.24307692307692308,2
2,22699 – ROSES REGENCY TEACUP AND SAUCER  → 22720 – SET OF 3 CAKE TINS PANTRY DESIGN ,79,0.03571428571428571,0.2309941520467836,2
2,84991 – 60 TEATIME FAIRY CAKE CASES → 47566 – PARTY BUNTING,79,0.03571428571428571,0.2309941520467836,2
2,21080 – SET/20 RED RETROSPOT PAPER NAPKINS  → 23245 – SET OF 3 REGENCY CAKE TINS,79,0.03571428571428571,0.22128851540616246,2
2,22383 – LUNCH BAG SUKI DESIGN  → 22423 – REGENCY CAKESTAND 3 TIER,79,0.03571428571428571,0.20572916666666666,2
2,22666 – RECIPE BOX PANTRY YELLOW DESIGN → 22383 – LUNCH BAG SUKI DESIGN ,79,0.03571428571428571,0.1975,2
2,22470 – HEART OF WICKER LARGE → 47566 – PARTY BUNTING,79,0.03571428571428571,0.19554455445544555,2
2,22457 – NATURAL SLATE HEART CHALKBOARD  → 23209 – LUNCH BAG VINTAGE DOILY ,79,0.03571428571428571,0.16631578947368422,2
2,22457 – NATURAL SLATE HEART CHALKBOARD  → 21212 – PACK OF 72 RETROSPOT CAKE CASES,79,0.03571428571428571,0.16631578947368422,2
2,22457 – NATURAL SLATE HEART CHALKBOARD  → 22383 – LUNCH BAG SUKI DESIGN ,79,0.03571428571428571,0.16631578947368422,2
2,22720 – SET OF 3 CAKE TINS PANTRY DESIGN  → 22138 – BAKING SET 9 PIECE RETROSPOT ,79,0.03571428571428571,0.1533980582524272,2
2,22720 – SET OF 3 CAKE TINS PANTRY DESIGN  → 22077 – 6 RIBBONS RUSTIC CHARM,79,0.03571428571428571,0.1533980582524272,2
2,85099B – JUMBO BAG RED RETROSPOT → 22139 – RETROSPOT TEA SET CERAMIC 11 PC ,79,0.03571428571428571,0.14933837429111532,2
2,47566 – PARTY BUNTING → 22666 – RECIPE BOX PANTRY YELLOW DESIGN,79,0.03571428571428571,0.13908450704225353,2
2,22077 – 6 RIBBONS RUSTIC CHARM → 22423 – REGENCY CAKESTAND 3 TIER,78,0.0352622061482821,0.24,2
2,22077 – 6 RIBBONS RUSTIC CHARM → 84879 – ASSORTED COLOUR BIRD ORNAMENT,78,0.0352622061482821,0.24,2
2,84991 – 60 TEATIME FAIRY CAKE CASES → 23355 – HOT WATER BOTTLE KEEP CALM,78,0.0352622061482821,0.22807017543859648,2
2,82482 – WOODEN PICTURE FRAME WHITE FINISH → 85099B – JUMBO BAG RED RETROSPOT,78,0.0352622061482821,0.22033898305084745,2
2,22993 – SET OF 4 PANTRY JELLY MOULDS → 20727 – LUNCH BAG  BLACK SKULL.,78,0.0352622061482821,0.20911528150134048,2
2,22139 – RETROSPOT TEA SET CERAMIC 11 PC  → 23084 – RABBIT NIGHT LIGHT,78,0.0352622061482821,0.20634920634920634,2
2,22384 – LUNCH BAG PINK POLKADOT → 22423 – REGENCY CAKESTAND 3 TIER,78,0.0352622061482821,0.19402985074626866,2
2,22470 – HEART OF WICKER LARGE → 23209 – LUNCH BAG VINTAGE DOILY ,78,0.0352622061482821,0.19306930693069307,2
2,23245 – SET OF 3 REGENCY CAKE TINS → 23203 – JUMBO BAG VINTAGE DOILY ,78,0.0352622061482821,0.19117647058823528,2
2,20727 – LUNCH BAG  BLACK SKULL. → 22910 – PAPER CHAIN KIT VINTAGE CHRISTMAS,78,0.0352622061482821,0.1897810218978102,2
2,22960 – JAM MAKING SET WITH JARS → 23084 – RABBIT NIGHT LIGHT,78,0.0352622061482821,0.17218543046357615,2
2,22960 – JAM MAKING SET WITH JARS → 22138 – BAKING SET 9 PIECE RETROSPOT ,78,0.0352622061482821,0.17218543046357615,2
2,20725 – LUNCH BAG RED RETROSPOT → 84879 – ASSORTED COLOUR BIRD ORNAMENT,78,0.0352622061482821,0.1638655462184874,2
2,85099B – JUMBO BAG RED RETROSPOT → 84991 – 60 TEATIME FAIRY CAKE CASES,78,0.0352622061482821,0.14744801512287334,2
2,84946 – ANTIQUE SILVER T-LIGHT GLASS → 84879 – ASSORTED COLOUR BIRD ORNAMENT,77,0.03481012658227848,0.24367088607594936,2
2,22077 – 6 RIBBONS RUSTIC CHARM → 23245 – SET OF 3 REGENCY CAKE TINS,77,0.03481012658227848,0.23692307692307693,2
2,84991 – 60 TEATIME FAIRY CAKE CASES → 22666 – RECIPE BOX PANTRY YELLOW DESIGN,77,0.03481012658227848,0.22514619883040934,2
2,22384 – LUNCH BAG PINK POLKADOT → 23084 – RABBIT NIGHT LIGHT,77,0.03481012658227848,0.19154228855721392,2
2,22384 – LUNCH BAG PINK POLKADOT → 22910 – PAPER CHAIN KIT VINTAGE CHRISTMAS,77,0.03481012658227848,0.19154228855721392,2
2,22470 – HEART OF WICKER LARGE → 20727 – LUNCH BAG  BLACK SKULL.,77,0.03481012658227848,0.1905940594059406,2
2,22961 – JAM MAKING SET PRINTED → 22139 – RETROSPOT TEA SET CERAMIC 11 PC ,77,0.03481012658227848,0.17782909930715934,2
2,23203 – JUMBO BAG VINTAGE DOILY  → 47566 – PARTY BUNTING,77,0.03481012658227848,0.1746031746031746,2
2,22960 – JAM MAKING SET WITH JARS → 20727 – LUNCH BAG  BLACK SKULL.,77,0.03481012658227848,0.16997792494481237,2
2,22457 – NATURAL SLATE HEART CHALKBOARD  → 22139 – RETROSPOT TEA SET CERAMIC 11 PC ,77,0.03481012658227848,0.16210526315789472,2
2,23298 – SPOTTY BUNTING → 22993 – SET OF 4 PANTRY JELLY MOULDS,77,0.03481012658227848,0.15555555555555556,2
2,85099B – JUMBO BAG RED RETROSPOT → 22469 – HEART OF WICKER SMALL,77,0.03481012658227848,0.14555765595463138,2
2,84879 – ASSORTED COLOUR BIRD ORNAMENT → 22382 – LUNCH BAG SPACEBOY DESIGN ,77,0.03481012658227848,0.14446529080675422,2
2,22969 – HOMEMADE JAM SCENTED CANDLES → 23203 – JUMBO BAG VINTAGE DOILY ,76,0.034358047016274866,0.22822822822822822,2
2,84991 – 60 TEATIME FAIRY CAKE CASES → 22384 – LUNCH BAG PINK POLKADOT,76,0.034358047016274866,0.2222222222222222,2
2,21080 – SET/20 RED RETROSPOT PAPER NAPKINS  → 23084 – RABBIT NIGHT LIGHT,76,0.034358047016274866,0.21288515406162464,2
2,22139 – RETROSPOT TEA SET CERAMIC 11 PC  → 85099B – JUMBO BAG RED RETROSPOT,76,0.034358047016274866,0.20105820105820105,2
2,22139 – RETROSPOT TEA SET CERAMIC 11 PC  → 23209 – LUNCH BAG VINTAGE DOILY ,76,0.034358047016274866,0.20105820105820105,2
2,22666 – RECIPE BOX PANTRY YELLOW DESIGN → 22910 – PAPER CHAIN KIT VINTAGE CHRISTMAS,76,0.034358047016274866,0.19,2
2,22666 – RECIPE BOX PANTRY YELLOW DESIGN → 20727 – LUNCH BAG  BLACK SKULL.,76,0.034358047016274866,0.19,2
2,22666 – RECIPE BOX PANTRY YELLOW DESIGN → 22469 – HEART OF WICKER SMALL,76,0.034358047016274866,0.19,2
2,22470 – HEART OF WICKER LARGE → 20728 – LUNCH BAG CARS BLUE,76,0.034358047016274866,0.18811881188118812,2
2,22470 – HEART OF WICKER LARGE → 22720 – SET OF 3 CAKE TINS PANTRY DESIGN ,76,0.034358047016274866,0.18811881188118812,2
2,22470 – HEART OF WICKER LARGE → 22383 – LUNCH BAG SUKI DESIGN ,76,0.034358047016274866,0.18811881188118812,2
2,20728 – LUNCH BAG CARS BLUE → 23245 – SET OF 3 REGENCY CAKE TINS,76,0.034358047016274866,0.18269230769230768,2
2,22382 – LUNCH BAG SPACEBOY DESIGN  → 22139 – RETROSPOT TEA SET CERAMIC 11 PC ,76,0.034358047016274866,0.17798594847775176,2
2,22382 – LUNCH BAG SPACEBOY DESIGN  → 22993 – SET OF 4 PANTRY JELLY MOULDS,76,0.034358047016274866,0.17798594847775176,2
2,22961 – JAM MAKING SET PRINTED → 22077 – 6 RIBBONS RUSTIC CHARM,76,0.034358047016274866,0.17551963048498845,2
2,22457 – NATURAL SLATE HEART CHALKBOARD  → 20728 – LUNCH BAG CARS BLUE,76,0.034358047016274866,0.16,2
2,20725 – LUNCH BAG RED RETROSPOT → 22469 – HEART OF WICKER SMALL,76,0.034358047016274866,0.15966386554621848,2
2,22086 – PAPER CHAIN KIT 50'S CHRISTMAS  → 23203 – JUMBO BAG VINTAGE DOILY ,76,0.034358047016274866,0.1523046092184369,2
2,22720 – SET OF 3 CAKE TINS PANTRY DESIGN  → 22699 – ROSES REGENCY TEACUP AND SAUCER ,76,0.034358047016274866,0.14757281553398058,2
2,85099B – JUMBO BAG RED RETROSPOT → 22666 – RECIPE BOX PANTRY YELLOW DESIGN,76,0.034358047016274866,0.14366729678638943,2
2,85123A – CREAM HANGING HEART T-LIGHT HOLDER → 22961 – JAM MAKING SET PRINTED,76,0.034358047016274866,0.11463046757164404,2
2,84991 – 60 TEATIME FAIRY CAKE CASES → 21080 – SET/20 RED RETROSPOT PAPER NAPKINS ,75,0.033905967450271246,0.21929824561403508,2
2,84991 – 60 TEATIME FAIRY CAKE CASES → 22993 – SET OF 4 PANTRY JELLY MOULDS,75,0.033905967450271246,0.21929824561403508,2
2,84991 – 60 TEATIME FAIRY CAKE CASES → 22910 – PAPER CHAIN KIT VINTAGE CHRISTMAS,75,0.033905967450271246,0.21929824561403508,2
2,21790 – VINTAGE SNAP CARDS → 23084 – RABBIT NIGHT LIGHT,75,0.033905967450271246,0.21246458923512748,2
2,22666 – RECIPE BOX PANTRY YELLOW DESIGN → 22457 – NATURAL SLATE HEART CHALKBOARD ,75,0.033905967450271246,0.1875,2
2,22384 – LUNCH BAG PINK POLKADOT → 22720 – SET OF 3 CAKE TINS PANTRY DESIGN ,75,0.033905967450271246,0.1865671641791045,2
2,23209 – LUNCH BAG VINTAGE DOILY  → 22423 – REGENCY CAKESTAND 3 TIER,75,0.033905967450271246,0.1820388349514563,2
2,20728 – LUNCH BAG CARS BLUE → 22666 – RECIPE BOX PANTRY YELLOW DESIGN,75,0.033905967450271246,0.18028846153846154,2
2,22138 – BAKING SET 9 PIECE RETROSPOT  → 22382 – LUNCH BAG SPACEBOY DESIGN ,75,0.033905967450271246,0.17523364485981308,2
2,22138 – BAKING SET 9 PIECE RETROSPOT  → 20725 – LUNCH BAG RED RETROSPOT,75,0.033905967450271246,0.17523364485981308,2
2,22138 – BAKING SET 9 PIECE RETROSPOT  → 22086 – PAPER CHAIN KIT 50'S CHRISTMAS ,75,0.033905967450271246,0.17523364485981308,2
2,20725 – LUNCH BAG RED RETROSPOT → 22666 – RECIPE BOX PANTRY YELLOW DESIGN,75,0.033905967450271246,0.15756302521008403,2
2,85099B – JUMBO BAG RED RETROSPOT → 22960 – JAM MAKING SET WITH JARS,75,0.033905967450271246,0.14177693761814744,2
2,85099B – JUMBO BAG RED RETROSPOT → 22457 – NATURAL SLATE HEART CHALKBOARD ,75,0.033905967450271246,0.14177693761814744,2
2,47566 – PARTY BUNTING → 84946 – ANTIQUE SILVER T-LIGHT GLASS,75,0.033905967450271246,0.13204225352112675,2
2,47566 – PARTY BUNTING → 22111 – SCOTTIE DOG HOT WATER BOTTLE,75,0.033905967450271246,0.13204225352112675,2
2,47566 – PARTY BUNTING → 21034 – REX CASH+CARRY JUMBO SHOPPER,75,0.033905967450271246,0.13204225352112675,2
2,22699 – ROSES REGENCY TEACUP AND SAUCER  → 22086 – PAPER CHAIN KIT 50'S CHRISTMAS ,74,0.03345388788426763,0.21637426900584794,2
2,84991 – 60 TEATIME FAIRY CAKE CASES → 23245 – SET OF 3 REGENCY CAKE TINS,74,0.03345388788426763,0.21637426900584794,2
2,22111 – SCOTTIE DOG HOT WATER BOTTLE → 22423 – REGENCY CAKESTAND 3 TIER,74,0.03345388788426763,0.21511627906976744,2
2,22383 – LUNCH BAG SUKI DESIGN  → 22910 – PAPER CHAIN KIT VINTAGE CHRISTMAS,74,0.03345388788426763,0.19270833333333334,2
2,23245 – SET OF 3 REGENCY CAKE TINS → 22699 – ROSES REGENCY TEACUP AND SAUCER ,74,0.03345388788426763,0.18137254901960784,2
2,23245 – SET OF 3 REGENCY CAKE TINS → 23209 – LUNCH BAG VINTAGE DOILY ,74,0.03345388788426763,0.18137254901960784,2
2,23245 – SET OF 3 REGENCY CAKE TINS → 23084 – RABBIT NIGHT LIGHT,74,0.03345388788426763,0.18137254901960784,2
2,20728 – LUNCH BAG CARS BLUE → 22720 – SET OF 3 CAKE TINS PANTRY DESIGN ,74,0.03345388788426763,0.1778846153846154,2
2,22961 – JAM MAKING SET PRINTED → 84991 – 60 TEATIME FAIRY CAKE CASES,74,0.03345388788426763,0.17090069284064666,2
2,23203 – JUMBO BAG VINTAGE DOILY  → 21212 – PACK OF 72 RETROSPOT CAKE CASES,74,0.03345388788426763,0.16780045351473924,2
2,22469 – HEART OF WICKER SMALL → 22910 – PAPER CHAIN KIT VINTAGE CHRISTMAS,74,0.03345388788426763,0.15982721382289417,2
2,22469 – HEART OF WICKER SMALL → 22382 – LUNCH BAG SPACEBOY DESIGN ,74,0.03345388788426763,0.15982721382289417,2
2,22457 – NATURAL SLATE HEART CHALKBOARD  → 22138 – BAKING SET 9 PIECE RETROSPOT ,74,0.03345388788426763,0.15578947368421053,2
2,22457 – NATURAL SLATE HEART CHALKBOARD  → 84946 – ANTIQUE SILVER T-LIGHT GLASS,74,0.03345388788426763,0.15578947368421053,2
2,20725 – LUNCH BAG RED RETROSPOT → 22993 – SET OF 4 PANTRY JELLY MOULDS,74,0.03345388788426763,0.15546218487394958,2
2,23298 – SPOTTY BUNTING → 22139 – RETROSPOT TEA SET CERAMIC 11 PC ,74,0.03345388788426763,0.1494949494949495,2
2,85099B – JUMBO BAG RED RETROSPOT → 22961 – JAM MAKING SET PRINTED,74,0.03345388788426763,0.13988657844990549,2
2,84946 – ANTIQUE SILVER T-LIGHT GLASS → 85123A – CREAM HANGING HEART T-LIGHT HOLDER,73,0.03300180831826401,0.2310126582278481,2
2,22969 – HOMEMADE JAM SCENTED CANDLES → 22993 – SET OF 4 PANTRY JELLY MOULDS,73,0.03300180831826401,0.21921921921921922,2
2,21080 – SET/20 RED RETROSPOT PAPER NAPKINS  → 22139 – RETROSPOT TEA SET CERAMIC 11 PC ,73,0.03300180831826401,0.20448179271708683,2
2,22993 – SET OF 4 PANTRY JELLY MOULDS → 84991 – 60 TEATIME FAIRY CAKE CASES,73,0.03300180831826401,0.19571045576407506,2
2,23355 – HOT WATER BOTTLE KEEP CALM → 22086 – PAPER CHAIN KIT 50'S CHRISTMAS ,73,0.03300180831826401,0.18814432989690721,2
2,23245 – SET OF 3 REGENCY CAKE TINS → 84879 – ASSORTED COLOUR BIRD ORNAMENT,73,0.03300180831826401,0.17892156862745098,2
2,23209 – LUNCH BAG VINTAGE DOILY  → 47566 – PARTY BUNTING,73,0.03300180831826401,0.17718446601941748,2
2,23203 – JUMBO BAG VINTAGE DOILY  → 22720 – SET OF 3 CAKE TINS PANTRY DESIGN ,73,0.03300180831826401,0.1655328798185941,2
2,23203 – JUMBO BAG VINTAGE DOILY  → 84879 – ASSORTED COLOUR BIRD ORNAMENT,73,0.03300180831826401,0.1655328798185941,2
2,22469 – HEART OF WICKER SMALL → 23203 – JUMBO BAG VINTAGE DOILY ,73,0.03300180831826401,0.15766738660907129,2
2,23298 – SPOTTY BUNTING → 22138 – BAKING SET 9 PIECE RETROSPOT ,73,0.03300180831826401,0.14747474747474748,2
2,22086 – PAPER CHAIN KIT 50'S CHRISTMAS  → 22382 – LUNCH BAG SPACEBOY DESIGN ,73,0.03300180831826401,0.1462925851703407,2
2,22086 – PAPER CHAIN KIT 50'S CHRISTMAS  → 20725 – LUNCH BAG RED RETROSPOT,73,0.03300180831826401,0.1462925851703407,2
2,84879 – ASSORTED COLOUR BIRD ORNAMENT → 20728 – LUNCH BAG CARS BLUE,73,0.03300180831826401,0.13696060037523453,2
2,22077 – 6 RIBBONS RUSTIC CHARM → 21212 – PACK OF 72 RETROSPOT CAKE CASES,72,0.0325497287522604,0.22153846153846155,2
2,22969 – HOMEMADE JAM SCENTED CANDLES → 84879 – ASSORTED COLOUR BIRD ORNAMENT,72,0.0325497287522604,0.21621621621621623,2
2,22699 – ROSES REGENCY TEACUP AND SAUCER  → 23084 – RABBIT NIGHT LIGHT,72,0.0325497287522604,0.21052631578947367,2
2,82482 – WOODEN PICTURE FRAME WHITE FINISH → 23245 – SET OF 3 REGENCY CAKE TINS,72,0.0325497287522604,0.2033898305084746,2
2,22993 – SET OF 4 PANTRY JELLY MOULDS → 84879 – ASSORTED COLOUR BIRD ORNAMENT,72,0.0325497287522604,0.19302949061662197,2
2,22139 – RETROSPOT TEA SET CERAMIC 11 PC  → 85123A – CREAM HANGING HEART T-LIGHT HOLDER,72,0.0325497287522604,0.19047619047619047,2
2,22910 – PAPER CHAIN KIT VINTAGE CHRISTMAS → 23084 – RABBIT NIGHT LIGHT,72,0.0325497287522604,0.1875,2
2,22666 – RECIPE BOX PANTRY YELLOW DESIGN → 84991 – 60 TEATIME FAIRY CAKE CASES,72,0.0325497287522604,0.18,2
2,22384 – LUNCH BAG PINK POLKADOT → 23245 – SET OF 3 REGENCY CAKE TINS,72,0.0325497287522604,0.1791044776119403,2
2,22470 – HEART OF WICKER LARGE → 22382 – LUNCH BAG SPACEBOY DESIGN ,72,0.0325497287522604,0.1782178217821782,2
2,20727 – LUNCH BAG  BLACK SKULL. → 21080 – SET/20 RED RETROSPOT PAPER NAPKINS ,72,0.0325497287522604,0.17518248175182483,2
2,20727 – LUNCH BAG  BLACK SKULL. → 22423 – REGENCY CAKESTAND 3 TIER,72,0.0325497287522604,0.17518248175182483,2
2,23209 – LUNCH BAG VINTAGE DOILY  → 22720 – SET OF 3 CAKE TINS PANTRY DESIGN ,72,0.0325497287522604,0.17475728155339806,2
2,22382 – LUNCH BAG SPACEBOY DESIGN  → 22720 – SET OF 3 CAKE TINS PANTRY DESIGN ,72,0.0325497287522604,0.1686182669789227,2
2,22138 – BAKING SET 9 PIECE RETROSPOT  → 23209 – LUNCH BAG VINTAGE DOILY ,72,0.0325497287522604,0.16822429906542055,2
2,22961 – JAM MAKING SET PRINTED → 21080 – SET/20 RED RETROSPOT PAPER NAPKINS ,72,0.0325497287522604,0.16628175519630484,2
2,22961 – JAM MAKING SET PRINTED → 22138 – BAKING SET 9 PIECE RETROSPOT ,72,0.0325497287522604,0.16628175519630484,2
2,22960 – JAM MAKING SET WITH JARS → 84991 – 60 TEATIME FAIRY CAKE CASES,72,0.0325497287522604,0.15894039735099338,2
2,22960 – JAM MAKING SET WITH JARS → 22383 – LUNCH BAG SUKI DESIGN ,72,0.0325497287522604,0.15894039735099338,2
2,22457 – NATURAL SLATE HEART CHALKBOARD  → 22666 – RECIPE BOX PANTRY YELLOW DESIGN,72,0.0325497287522604,0.15157894736842106,2
2,22086 – PAPER CHAIN KIT 50'S CHRISTMAS  → 23209 – LUNCH BAG VINTAGE DOILY ,72,0.0325497287522604,0.14428857715430862,2
2,22720 – SET OF 3 CAKE TINS PANTRY DESIGN  → 22111 – SCOTTIE DOG HOT WATER BOTTLE,72,0.0325497287522604,0.13980582524271845,2
2,21212 – PACK OF 72 RETROSPOT CAKE CASES → 22699 – ROSES REGENCY TEACUP AND SAUCER ,72,0.0325497287522604,0.13688212927756654,2
2,21212 – PACK OF 72 RETROSPOT CAKE CASES → 22111 – SCOTTIE DOG HOT WATER BOTTLE,72,0.0325497287522604,0.13688212927756654,2
2,47566 – PARTY BUNTING → 22960 – JAM MAKING SET WITH JARS,72,0.0325497287522604,0.1267605633802817,2
2,22969 – HOMEMADE JAM SCENTED CANDLES → 23209 – LUNCH BAG VINTAGE DOILY ,71,0.03209764918625678,0.2132132132132132,2
2,22969 – HOMEMADE JAM SCENTED CANDLES → 20725 – LUNCH BAG RED RETROSPOT,71,0.03209764918625678,0.2132132132132132,2
2,21790 – VINTAGE SNAP CARDS → 22910 – PAPER CHAIN KIT VINTAGE CHRISTMAS,71,0.03209764918625678,0.20113314447592068,2
2,21080 – SET/20 RED RETROSPOT PAPER NAPKINS  → 22993 – SET OF 4 PANTRY JELLY MOULDS,71,0.03209764918625678,0.19887955182072828,2
2,22666 – RECIPE BOX PANTRY YELLOW DESIGN → 22470 – HEART OF WICKER LARGE,71,0.03209764918625678,0.1775,2
2,22384 – LUNCH BAG PINK POLKADOT → 22666 – RECIPE BOX PANTRY YELLOW DESIGN,71,0.03209764918625678,0.17661691542288557,2
2,20727 – LUNCH BAG  BLACK SKULL. → 22720 – SET OF 3 CAKE TINS PANTRY DESIGN ,71,0.03209764918625678,0.17274939172749393,2
2,20728 – LUNCH BAG CARS BLUE → 22993 – SET OF 4 PANTRY JELLY MOULDS,71,0.03209764918625678,0.17067307692307693,2
2,22382 – LUNCH BAG SPACEBOY DESIGN  → 21080 – SET/20 RED RETROSPOT PAPER NAPKINS ,71,0.03209764918625678,0.16627634660421545,2
2,22138 – BAKING SET 9 PIECE RETROSPOT  → 23298 – SPOTTY BUNTING,71,0.03209764918625678,0.1658878504672897,2
2,22138 – BAKING SET 9 PIECE RETROSPOT  → 22910 – PAPER CHAIN KIT VINTAGE CHRISTMAS,71,0.03209764918625678,0.1658878504672897,2
2,22960 – JAM MAKING SET WITH JARS → 22139 – RETROSPOT TEA SET CERAMIC 11 PC ,71,0.03209764918625678,0.15673289183222958,2
2,22469 – HEART OF WICKER SMALL → 23245 – SET OF 3 REGENCY CAKE TINS,71,0.03209764918625678,0.15334773218142547,2
2,20725 – LUNCH BAG RED RETROSPOT → 22960 – JAM MAKING SET WITH JARS,71,0.03209764918625678,0.14915966386554622,2
2,20725 – LUNCH BAG RED RETROSPOT → 22111 – SCOTTIE DOG HOT WATER BOTTLE,71,0.03209764918625678,0.14915966386554622,2
2,20725 – LUNCH BAG RED RETROSPOT → 22470 – HEART OF WICKER LARGE,71,0.03209764918625678,0.14915966386554622,2
2,21212 – PACK OF 72 RETROSPOT CAKE CASES → 82482 – WOODEN PICTURE FRAME WHITE FINISH,71,0.03209764918625678,0.13498098859315588,2
2,21212 – PACK OF 72 RETROSPOT CAKE CASES → 21790 – VINTAGE SNAP CARDS,71,0.03209764918625678,0.13498098859315588,2
2,47566 – PARTY BUNTING → 22961 – JAM MAKING SET PRINTED,71,0.03209764918625678,0.125,2
2,85123A – CREAM HANGING HEART T-LIGHT HOLDER → 21790 – VINTAGE SNAP CARDS,71,0.03209764918625678,0.10708898944193061,2
2,22423 – REGENCY CAKESTAND 3 TIER → 21790 – VINTAGE SNAP CARDS,71,0.03209764918625678,0.10319767441860465,2
2,84946 – ANTIQUE SILVER T-LIGHT GLASS → 22423 – REGENCY CAKESTAND 3 TIER,70,0.03164556962025317,0.22151898734177214,2
2,22077 – 6 RIBBONS RUSTIC CHARM → 22720 – SET OF 3 CAKE TINS PANTRY DESIGN ,70,0.03164556962025317,0.2153846153846154,2
2,22699 – ROSES REGENCY TEACUP AND SAUCER  → 85099B – JUMBO BAG RED RETROSPOT,70,0.03164556962025317,0.2046783625730994,2
2,82482 – WOODEN PICTURE FRAME WHITE FINISH → 22086 – PAPER CHAIN KIT 50'S CHRISTMAS ,70,0.03164556962025317,0.1977401129943503,2
2,22139 – RETROSPOT TEA SET CERAMIC 11 PC  → 22423 – REGENCY CAKESTAND 3 TIER,70,0.03164556962025317,0.18518518518518517,2
2,22139 – RETROSPOT TEA SET CERAMIC 11 PC  → 23298 – SPOTTY BUNTING,70,0.03164556962025317,0.18518518518518517,2
2,22383 – LUNCH BAG SUKI DESIGN  → 23245 – SET OF 3 REGENCY CAKE TINS,70,0.03164556962025317,0.18229166666666666,2
2,23245 – SET OF 3 REGENCY CAKE TINS → 20725 – LUNCH BAG RED RETROSPOT,70,0.03164556962025317,0.1715686274509804,2
2,20728 – LUNCH BAG CARS BLUE → 84879 – ASSORTED COLOUR BIRD ORNAMENT,70,0.03164556962025317,0.16826923076923078,2
2,22961 – JAM MAKING SET PRINTED → 22699 – ROSES REGENCY TEACUP AND SAUCER ,70,0.03164556962025317,0.16166281755196305,2
2,22960 – JAM MAKING SET WITH JARS → 22699 – ROSES REGENCY TEACUP AND SAUCER ,70,0.03164556962025317,0.1545253863134658,2
2,22086 – PAPER CHAIN KIT 50'S CHRISTMAS  → 84879 – ASSORTED COLOUR BIRD ORNAMENT,70,0.03164556962025317,0.1402805611222445,2
2,22086 – PAPER CHAIN KIT 50'S CHRISTMAS  → 22423 – REGENCY CAKESTAND 3 TIER,70,0.03164556962025317,0.1402805611222445,2
2,22720 – SET OF 3 CAKE TINS PANTRY DESIGN  → 21790 – VINTAGE SNAP CARDS,70,0.03164556962025317,0.13592233009708737,2
2,84879 – ASSORTED COLOUR BIRD ORNAMENT → 20727 – LUNCH BAG  BLACK SKULL.,70,0.03164556962025317,0.13133208255159476,2
2,22077 – 6 RIBBONS RUSTIC CHARM → 23355 – HOT WATER BOTTLE KEEP CALM,69,0.031193490054249547,0.2123076923076923,2
2,21034 – REX CASH+CARRY JUMBO SHOPPER → 23084 – RABBIT NIGHT LIGHT,69,0.031193490054249547,0.20414201183431951,2
2,22699 – ROSES REGENCY TEACUP AND SAUCER  → 23209 – LUNCH BAG VINTAGE DOILY ,69,0.031193490054249547,0.20175438596491227,2
2,22111 – SCOTTIE DOG HOT WATER BOTTLE → 22086 – PAPER CHAIN KIT 50'S CHRISTMAS ,69,0.031193490054249547,0.2005813953488372,2
2,21080 – SET/20 RED RETROSPOT PAPER NAPKINS  → 22138 – BAKING SET 9 PIECE RETROSPOT ,69,0.031193490054249547,0.19327731092436976,2
2,22139 – RETROSPOT TEA SET CERAMIC 11 PC  → 47566 – PARTY BUNTING,69,0.031193490054249547,0.18253968253968253,2
2,22910 – PAPER CHAIN KIT VINTAGE CHRISTMAS → 23355 – HOT WATER BOTTLE KEEP CALM,69,0.031193490054249547,0.1796875,2
2,22384 – LUNCH BAG PINK POLKADOT → 22993 – SET OF 4 PANTRY JELLY MOULDS,69,0.031193490054249547,0.17164179104477612,2
2,22384 – LUNCH BAG PINK POLKADOT → 84879 – ASSORTED COLOUR BIRD ORNAMENT,69,0.031193490054249547,0.17164179104477612,2
2,22470 – HEART OF WICKER LARGE → 21034 – REX CASH+CARRY JUMBO SHOPPER,69,0.031193490054249547,0.1707920792079208,2
2,23245 – SET OF 3 REGENCY CAKE TINS → 85099B – JUMBO BAG RED RETROSPOT,69,0.031193490054249547,0.16911764705882354,2
2,23245 – SET OF 3 REGENCY CAKE TINS → 22910 – PAPER CHAIN KIT VINTAGE CHRISTMAS,69,0.031193490054249547,0.16911764705882354,2
2,23245 – SET OF 3 REGENCY CAKE TINS → 23298 – SPOTTY BUNTING,69,0.031193490054249547,0.16911764705882354,2
2,20727 – LUNCH BAG  BLACK SKULL. → 22138 – BAKING SET 9 PIECE RETROSPOT ,69,0.031193490054249547,0.1678832116788321,2
2,20728 – LUNCH BAG CARS BLUE → 22139 – RETROSPOT TEA SET CERAMIC 11 PC ,69,0.031193490054249547,0.1658653846153846,2
2,22382 – LUNCH BAG SPACEBOY DESIGN  → 22138 – BAKING SET 9 PIECE RETROSPOT ,69,0.031193490054249547,0.16159250585480095,2
2,22138 – BAKING SET 9 PIECE RETROSPOT  → 21212 – PACK OF 72 RETROSPOT CAKE CASES,69,0.031193490054249547,0.16121495327102803,2
2,22469 – HEART OF WICKER SMALL → 21212 – PACK OF 72 RETROSPOT CAKE CASES,69,0.031193490054249547,0.1490280777537797,2
2,23298 – SPOTTY BUNTING → 22457 – NATURAL SLATE HEART CHALKBOARD ,69,0.031193490054249547,0.1393939393939394,2
2,22720 – SET OF 3 CAKE TINS PANTRY DESIGN  → 84946 – ANTIQUE SILVER T-LIGHT GLASS,69,0.031193490054249547,0.13398058252427184,2
2,84879 – ASSORTED COLOUR BIRD ORNAMENT → 22077 – 6 RIBBONS RUSTIC CHARM,69,0.031193490054249547,0.1294559099437148,2
2,47566 – PARTY BUNTING → 22077 – 6 RIBBONS RUSTIC CHARM,69,0.031193490054249547,0.12147887323943662,2
2,21080 – SET/20 RED RETROSPOT PAPER NAPKINS  → 84991 – 60 TEATIME FAIRY CAKE CASES,68,0.03074141048824593,0.19047619047619047,2
2,22139 – RETROSPOT TEA SET CERAMIC 11 PC  → 23203 – JUMBO BAG VINTAGE DOILY ,68,0.03074141048824593,0.17989417989417988,2
2,22139 – RETROSPOT TEA SET CERAMIC 11 PC  → 20727 – LUNCH BAG  BLACK SKULL.,68,0.03074141048824593,0.17989417989417988,2
2,22383 – LUNCH BAG SUKI DESIGN  → 22139 – RETROSPOT TEA SET CERAMIC 11 PC ,68,0.03074141048824593,0.17708333333333334,2
2,22384 – LUNCH BAG PINK POLKADOT → 22469 – HEART OF WICKER SMALL,68,0.03074141048824593,0.1691542288557214,2
2,23209 – LUNCH BAG VINTAGE DOILY  → 21212 – PACK OF 72 RETROSPOT CAKE CASES,68,0.03074141048824593,0.1650485436893204,2
2,22382 – LUNCH BAG SPACEBOY DESIGN  → 23245 – SET OF 3 REGENCY CAKE TINS,68,0.03074141048824593,0.1592505854800937,2
2,22382 – LUNCH BAG SPACEBOY DESIGN  → 84991 – 60 TEATIME FAIRY CAKE CASES,68,0.03074141048824593,0.1592505854800937,2
2,22138 – BAKING SET 9 PIECE RETROSPOT  → 85123A – CREAM HANGING HEART T-LIGHT HOLDER,68,0.03074141048824593,0.1588785046728972,2
2,22138 – BAKING SET 9 PIECE RETROSPOT  → 47566 – PARTY BUNTING,68,0.03074141048824593,0.1588785046728972,2
2,20725 – LUNCH BAG RED RETROSPOT → 84991 – 60 TEATIME FAIRY CAKE CASES,68,0.03074141048824593,0.14285714285714285,2
2,23298 – SPOTTY BUNTING → 22666 – RECIPE BOX PANTRY YELLOW DESIGN,68,0.03074141048824593,0.13737373737373737,2
2,23298 – SPOTTY BUNTING → 22470 – HEART OF WICKER LARGE,68,0.03074141048824593,0.13737373737373737,2
2,22086 – PAPER CHAIN KIT 50'S CHRISTMAS  → 20727 – LUNCH BAG  BLACK SKULL.,68,0.03074141048824593,0.13627254509018036,2
2,22969 – HOMEMADE JAM SCENTED CANDLES → 22910 – PAPER CHAIN KIT VINTAGE CHRISTMAS,67,0.030289330922242313,0.2012012012012012,2
2,21034 – REX CASH+CARRY JUMBO SHOPPER → 23355 – HOT WATER BOTTLE KEEP CALM,67,0.030289330922242313,0.19822485207100593,2
2,82482 – WOODEN PICTURE FRAME WHITE FINISH → 23203 – JUMBO BAG VINTAGE DOILY ,67,0.030289330922242313,0.18926553672316385,2
2,22666 – RECIPE BOX PANTRY YELLOW DESIGN → 22138 – BAKING SET 9 PIECE RETROSPOT ,67,0.030289330922242313,0.1675,2
2,22384 – LUNCH BAG PINK POLKADOT → 21080 – SET/20 RED RETROSPOT PAPER NAPKINS ,67,0.030289330922242313,0.16666666666666666,2
2,22382 – LUNCH BAG SPACEBOY DESIGN  → 84879 – ASSORTED COLOUR BIRD ORNAMENT,67,0.030289330922242313,0.15690866510538642,2
2,22138 – BAKING SET 9 PIECE RETROSPOT  → 22720 – SET OF 3 CAKE TINS PANTRY DESIGN ,67,0.030289330922242313,0.15654205607476634,2
2,22961 – JAM MAKING SET PRINTED → 22469 – HEART OF WICKER SMALL,67,0.030289330922242313,0.15473441108545036,2
2,22960 – JAM MAKING SET WITH JARS → 22077 – 6 RIBBONS RUSTIC CHARM,67,0.030289330922242313,0.1479028697571744,2
2,22457 – NATURAL SLATE HEART CHALKBOARD  → 22960 – JAM MAKING SET WITH JARS,67,0.030289330922242313,0.14105263157894737,2
2,20725 – LUNCH BAG RED RETROSPOT → 22457 – NATURAL SLATE HEART CHALKBOARD ,67,0.030289330922242313,0.1407563025210084,2
2,23298 – SPOTTY BUNTING → 22961 – JAM MAKING SET PRINTED,67,0.030289330922242313,0.13535353535353536,2
2,22086 – PAPER CHAIN KIT 50'S CHRISTMAS  → 23298 – SPOTTY BUNTING,67,0.030289330922242313,0.1342685370741483,2
2,85099B – JUMBO BAG RED RETROSPOT → 82482 – WOODEN PICTURE FRAME WHITE FINISH,67,0.030289330922242313,0.1266540642722117,2
2,85099B – JUMBO BAG RED RETROSPOT → 22111 – SCOTTIE DOG HOT WATER BOTTLE,67,0.030289330922242313,0.1266540642722117,2
